﻿{"gpos":[{"Properties":{"highvalue":false,"name":"DEFAULT DOMAIN POLICY@WINDOMAIN.LOCAL","domain":"WINDOMAIN.LOCAL","objectid":"B4DD5A92-E5A0-4006-AEFB-8283168E9D2E","distinguishedname":"CN={31B2F340-016D-11D2-945F-00C04FB984F9},CN=Policies,CN=System,DC=windomain,DC=local","description":null,"gpcpath":"\\\\windomain.local\\sysvol\\windomain.local\\Policies\\{31B2F340-016D-11D2-945F-00C04FB984F9}"},"ObjectIdentifier":"B4DD5A92-E5A0-4006-AEFB-8283168E9D2E","Aces":[{"PrincipalSID":"S-1-5-21-3263319754-340321035-553610633-512","PrincipalType":"Group","RightName":"Owner","AceType":"","IsInherited":false},{"PrincipalSID":"S-1-5-21-3263319754-340321035-553610633-512","PrincipalType":"Group","RightName":"WriteDacl","AceType":"","IsInherited":false},{"PrincipalSID":"S-1-5-21-3263319754-340321035-553610633-512","PrincipalType":"Group","RightName":"WriteOwner","AceType":"","IsInherited":false},{"PrincipalSID":"S-1-5-21-3263319754-340321035-553610633-512","PrincipalType":"Group","RightName":"GenericWrite","AceType":"","IsInherited":false},{"PrincipalSID":"S-1-5-21-3263319754-340321035-553610633-512","PrincipalType":"Group","RightName":"WriteDacl","AceType":"","IsInherited":false},{"PrincipalSID":"S-1-5-21-3263319754-340321035-553610633-512","PrincipalType":"Group","RightName":"WriteOwner","AceType":"","IsInherited":false},{"PrincipalSID":"S-1-5-21-3263319754-340321035-553610633-512","PrincipalType":"Group","RightName":"GenericWrite","AceType":"","IsInherited":false},{"PrincipalSID":"S-1-5-21-3263319754-340321035-553610633-519","PrincipalType":"Group","RightName":"WriteDacl","AceType":"","IsInherited":false},{"PrincipalSID":"S-1-5-21-3263319754-340321035-553610633-519","PrincipalType":"Group","RightName":"WriteOwner","AceType":"","IsInherited":false},{"PrincipalSID":"S-1-5-21-3263319754-340321035-553610633-519","PrincipalType":"Group","RightName":"GenericWrite","AceType":"","IsInherited":false}]},{"Properties":{"highvalue":false,"name":"WINDOWS EVENT FORWARDING SERVER@WINDOMAIN.LOCAL","domain":"WINDOMAIN.LOCAL","objectid":"491E35AE-6843-4FA7-B382-D63D6E5D92C6","distinguishedname":"CN={B8B70737-05E7-4F3F-8EA0-43C9B86A06E0},CN=Policies,CN=System,DC=windomain,DC=local","description":null,"gpcpath":"\\\\windomain.local\\sysvol\\windomain.local\\Policies\\{B8B70737-05E7-4F3F-8EA0-43C9B86A06E0}"},"ObjectIdentifier":"491E35AE-6843-4FA7-B382-D63D6E5D92C6","Aces":[{"PrincipalSID":"S-1-5-21-3263319754-340321035-553610633-1000","PrincipalType":"Unknown","RightName":"Owner","AceType":"","IsInherited":false},{"PrincipalSID":"S-1-5-21-3263319754-340321035-553610633-512","PrincipalType":"Group","RightName":"WriteDacl","AceType":"","IsInherited":false},{"PrincipalSID":"S-1-5-21-3263319754-340321035-553610633-512","PrincipalType":"Group","RightName":"WriteOwner","AceType":"","IsInherited":false},{"PrincipalSID":"S-1-5-21-3263319754-340321035-553610633-512","PrincipalType":"Group","RightName":"GenericWrite","AceType":"","IsInherited":false},{"PrincipalSID":"S-1-5-21-3263319754-340321035-553610633-519","PrincipalType":"Group","RightName":"WriteDacl","AceType":"","IsInherited":false},{"PrincipalSID":"S-1-5-21-3263319754-340321035-553610633-519","PrincipalType":"Group","RightName":"WriteOwner","AceType":"","IsInherited":false},{"PrincipalSID":"S-1-5-21-3263319754-340321035-553610633-519","PrincipalType":"Group","RightName":"GenericWrite","AceType":"","IsInherited":false},{"PrincipalSID":"S-1-5-21-3263319754-340321035-553610633-1000","PrincipalType":"Unknown","RightName":"WriteDacl","AceType":"","IsInherited":false},{"PrincipalSID":"S-1-5-21-3263319754-340321035-553610633-1000","PrincipalType":"Unknown","RightName":"WriteOwner","AceType":"","IsInherited":false},{"PrincipalSID":"S-1-5-21-3263319754-340321035-553610633-1000","PrincipalType":"Unknown","RightName":"GenericWrite","AceType":"","IsInherited":false}]},{"Properties":{"highvalue":false,"name":"CUSTOM EVENT CHANNEL PERMISSIONS@WINDOMAIN.LOCAL","domain":"WINDOMAIN.LOCAL","objectid":"6F6896EF-58F4-4199-BF9A-D05711CC13AF","distinguishedname":"CN={E02C53CC-A768-49A1-BE87-21CB704FF69C},CN=Policies,CN=System,DC=windomain,DC=local","description":null,"gpcpath":"\\\\windomain.local\\sysvol\\windomain.local\\Policies\\{E02C53CC-A768-49A1-BE87-21CB704FF69C}"},"ObjectIdentifier":"6F6896EF-58F4-4199-BF9A-D05711CC13AF","Aces":[{"PrincipalSID":"S-1-5-21-3263319754-340321035-553610633-1000","PrincipalType":"Unknown","RightName":"Owner","AceType":"","IsInherited":false},{"PrincipalSID":"S-1-5-21-3263319754-340321035-553610633-512","PrincipalType":"Group","RightName":"WriteDacl","AceType":"","IsInherited":false},{"PrincipalSID":"S-1-5-21-3263319754-340321035-553610633-512","PrincipalType":"Group","RightName":"WriteOwner","AceType":"","IsInherited":false},{"PrincipalSID":"S-1-5-21-3263319754-340321035-553610633-512","PrincipalType":"Group","RightName":"GenericWrite","AceType":"","IsInherited":false},{"PrincipalSID":"S-1-5-21-3263319754-340321035-553610633-519","PrincipalType":"Group","RightName":"WriteDacl","AceType":"","IsInherited":false},{"PrincipalSID":"S-1-5-21-3263319754-340321035-553610633-519","PrincipalType":"Group","RightName":"WriteOwner","AceType":"","IsInherited":false},{"PrincipalSID":"S-1-5-21-3263319754-340321035-553610633-519","PrincipalType":"Group","RightName":"GenericWrite","AceType":"","IsInherited":false},{"PrincipalSID":"S-1-5-21-3263319754-340321035-553610633-1000","PrincipalType":"Unknown","RightName":"WriteDacl","AceType":"","IsInherited":false},{"PrincipalSID":"S-1-5-21-3263319754-340321035-553610633-1000","PrincipalType":"Unknown","RightName":"WriteOwner","AceType":"","IsInherited":false},{"PrincipalSID":"S-1-5-21-3263319754-340321035-553610633-1000","PrincipalType":"Unknown","RightName":"GenericWrite","AceType":"","IsInherited":false}]},{"Properties":{"highvalue":false,"name":"POWERSHELL LOGGING@WINDOMAIN.LOCAL","domain":"WINDOMAIN.LOCAL","objectid":"8D2245BF-16D9-4D9D-894B-251CCCABB048","distinguishedname":"CN={6A61ACF8-C1B1-48D1-9600-0907EAE4F451},CN=Policies,CN=System,DC=windomain,DC=local","description":null,"gpcpath":"\\\\windomain.local\\sysvol\\windomain.local\\Policies\\{6A61ACF8-C1B1-48D1-9600-0907EAE4F451}"},"ObjectIdentifier":"8D2245BF-16D9-4D9D-894B-251CCCABB048","Aces":[{"PrincipalSID":"S-1-5-21-3263319754-340321035-553610633-1000","PrincipalType":"Unknown","RightName":"Owner","AceType":"","IsInherited":false},{"PrincipalSID":"S-1-5-21-3263319754-340321035-553610633-512","PrincipalType":"Group","RightName":"WriteDacl","AceType":"","IsInherited":false},{"PrincipalSID":"S-1-5-21-3263319754-340321035-553610633-512","PrincipalType":"Group","RightName":"WriteOwner","AceType":"","IsInherited":false},{"PrincipalSID":"S-1-5-21-3263319754-340321035-553610633-512","PrincipalType":"Group","RightName":"GenericWrite","AceType":"","IsInherited":false},{"PrincipalSID":"S-1-5-21-3263319754-340321035-553610633-519","PrincipalType":"Group","RightName":"WriteDacl","AceType":"","IsInherited":false},{"PrincipalSID":"S-1-5-21-3263319754-340321035-553610633-519","PrincipalType":"Group","RightName":"WriteOwner","AceType":"","IsInherited":false},{"PrincipalSID":"S-1-5-21-3263319754-340321035-553610633-519","PrincipalType":"Group","RightName":"GenericWrite","AceType":"","IsInherited":false},{"PrincipalSID":"S-1-5-21-3263319754-340321035-553610633-1000","PrincipalType":"Unknown","RightName":"WriteDacl","AceType":"","IsInherited":false},{"PrincipalSID":"S-1-5-21-3263319754-340321035-553610633-1000","PrincipalType":"Unknown","RightName":"WriteOwner","AceType":"","IsInherited":false},{"PrincipalSID":"S-1-5-21-3263319754-340321035-553610633-1000","PrincipalType":"Unknown","RightName":"GenericWrite","AceType":"","IsInherited":false}]},{"Properties":{"highvalue":false,"name":"DEFAULT DOMAIN CONTROLLERS POLICY@WINDOMAIN.LOCAL","domain":"WINDOMAIN.LOCAL","objectid":"FD536797-AB22-42DF-B5CA-20549F1037F2","distinguishedname":"CN={6AC1786C-016F-11D2-945F-00C04fB984F9},CN=Policies,CN=System,DC=windomain,DC=local","description":null,"gpcpath":"\\\\windomain.local\\sysvol\\windomain.local\\Policies\\{6AC1786C-016F-11D2-945F-00C04fB984F9}"},"ObjectIdentifier":"FD536797-AB22-42DF-B5CA-20549F1037F2","Aces":[{"PrincipalSID":"S-1-5-21-3263319754-340321035-553610633-512","PrincipalType":"Group","RightName":"Owner","AceType":"","IsInherited":false},{"PrincipalSID":"S-1-5-21-3263319754-340321035-553610633-512","PrincipalType":"Group","RightName":"WriteDacl","AceType":"","IsInherited":false},{"PrincipalSID":"S-1-5-21-3263319754-340321035-553610633-512","PrincipalType":"Group","RightName":"WriteOwner","AceType":"","IsInherited":false},{"PrincipalSID":"S-1-5-21-3263319754-340321035-553610633-512","PrincipalType":"Group","RightName":"GenericWrite","AceType":"","IsInherited":false},{"PrincipalSID":"S-1-5-21-3263319754-340321035-553610633-512","PrincipalType":"Group","RightName":"WriteDacl","AceType":"","IsInherited":false},{"PrincipalSID":"S-1-5-21-3263319754-340321035-553610633-512","PrincipalType":"Group","RightName":"WriteOwner","AceType":"","IsInherited":false},{"PrincipalSID":"S-1-5-21-3263319754-340321035-553610633-512","PrincipalType":"Group","RightName":"GenericWrite","AceType":"","IsInherited":false},{"PrincipalSID":"S-1-5-21-3263319754-340321035-553610633-519","PrincipalType":"Group","RightName":"WriteDacl","AceType":"","IsInherited":false},{"PrincipalSID":"S-1-5-21-3263319754-340321035-553610633-519","PrincipalType":"Group","RightName":"WriteOwner","AceType":"","IsInherited":false},{"PrincipalSID":"S-1-5-21-3263319754-340321035-553610633-519","PrincipalType":"Group","RightName":"GenericWrite","AceType":"","IsInherited":false}]},{"Properties":{"highvalue":false,"name":"DOMAIN CONTROLLERS ENHANCED AUDITING POLICY@WINDOMAIN.LOCAL","domain":"WINDOMAIN.LOCAL","objectid":"1ACA97FF-31E7-4139-B3DF-CD2085747FF9","distinguishedname":"CN={C06A0C42-07FA-4233-A838-33FB688A01F8},CN=Policies,CN=System,DC=windomain,DC=local","description":null,"gpcpath":"\\\\windomain.local\\sysvol\\windomain.local\\Policies\\{C06A0C42-07FA-4233-A838-33FB688A01F8}"},"ObjectIdentifier":"1ACA97FF-31E7-4139-B3DF-CD2085747FF9","Aces":[{"PrincipalSID":"S-1-5-21-3263319754-340321035-553610633-1000","PrincipalType":"Unknown","RightName":"Owner","AceType":"","IsInherited":false},{"PrincipalSID":"S-1-5-21-3263319754-340321035-553610633-512","PrincipalType":"Group","RightName":"WriteDacl","AceType":"","IsInherited":false},{"PrincipalSID":"S-1-5-21-3263319754-340321035-553610633-512","PrincipalType":"Group","RightName":"WriteOwner","AceType":"","IsInherited":false},{"PrincipalSID":"S-1-5-21-3263319754-340321035-553610633-512","PrincipalType":"Group","RightName":"GenericWrite","AceType":"","IsInherited":false},{"PrincipalSID":"S-1-5-21-3263319754-340321035-553610633-519","PrincipalType":"Group","RightName":"WriteDacl","AceType":"","IsInherited":false},{"PrincipalSID":"S-1-5-21-3263319754-340321035-553610633-519","PrincipalType":"Group","RightName":"WriteOwner","AceType":"","IsInherited":false},{"PrincipalSID":"S-1-5-21-3263319754-340321035-553610633-519","PrincipalType":"Group","RightName":"GenericWrite","AceType":"","IsInherited":false},{"PrincipalSID":"S-1-5-21-3263319754-340321035-553610633-1000","PrincipalType":"Unknown","RightName":"WriteDacl","AceType":"","IsInherited":false},{"PrincipalSID":"S-1-5-21-3263319754-340321035-553610633-1000","PrincipalType":"Unknown","RightName":"WriteOwner","AceType":"","IsInherited":false},{"PrincipalSID":"S-1-5-21-3263319754-340321035-553610633-1000","PrincipalType":"Unknown","RightName":"GenericWrite","AceType":"","IsInherited":false}]},{"Properties":{"highvalue":false,"name":"SERVERS ENHANCED AUDITING POLICY@WINDOMAIN.LOCAL","domain":"WINDOMAIN.LOCAL","objectid":"296B1DB3-E24C-485B-88CC-60B601B18FDA","distinguishedname":"CN={B3C98F6B-ED49-4433-BB94-4409722E719F},CN=Policies,CN=System,DC=windomain,DC=local","description":null,"gpcpath":"\\\\windomain.local\\sysvol\\windomain.local\\Policies\\{B3C98F6B-ED49-4433-BB94-4409722E719F}"},"ObjectIdentifier":"296B1DB3-E24C-485B-88CC-60B601B18FDA","Aces":[{"PrincipalSID":"S-1-5-21-3263319754-340321035-553610633-1000","PrincipalType":"Unknown","RightName":"Owner","AceType":"","IsInherited":false},{"PrincipalSID":"S-1-5-21-3263319754-340321035-553610633-512","PrincipalType":"Group","RightName":"WriteDacl","AceType":"","IsInherited":false},{"PrincipalSID":"S-1-5-21-3263319754-340321035-553610633-512","PrincipalType":"Group","RightName":"WriteOwner","AceType":"","IsInherited":false},{"PrincipalSID":"S-1-5-21-3263319754-340321035-553610633-512","PrincipalType":"Group","RightName":"GenericWrite","AceType":"","IsInherited":false},{"PrincipalSID":"S-1-5-21-3263319754-340321035-553610633-519","PrincipalType":"Group","RightName":"WriteDacl","AceType":"","IsInherited":false},{"PrincipalSID":"S-1-5-21-3263319754-340321035-553610633-519","PrincipalType":"Group","RightName":"WriteOwner","AceType":"","IsInherited":false},{"PrincipalSID":"S-1-5-21-3263319754-340321035-553610633-519","PrincipalType":"Group","RightName":"GenericWrite","AceType":"","IsInherited":false},{"PrincipalSID":"S-1-5-21-3263319754-340321035-553610633-1000","PrincipalType":"Unknown","RightName":"WriteDacl","AceType":"","IsInherited":false},{"PrincipalSID":"S-1-5-21-3263319754-340321035-553610633-1000","PrincipalType":"Unknown","RightName":"WriteOwner","AceType":"","IsInherited":false},{"PrincipalSID":"S-1-5-21-3263319754-340321035-553610633-1000","PrincipalType":"Unknown","RightName":"GenericWrite","AceType":"","IsInherited":false}]},{"Properties":{"highvalue":false,"name":"WORKSTATIONS ENHANCED AUDITING POLICY@WINDOMAIN.LOCAL","domain":"WINDOMAIN.LOCAL","objectid":"AE3ECA7E-5D37-4251-9E9D-9C8680994587","distinguishedname":"CN={DC308137-F35C-4E72-AF1E-50B1CE8BFC77},CN=Policies,CN=System,DC=windomain,DC=local","description":null,"gpcpath":"\\\\windomain.local\\sysvol\\windomain.local\\Policies\\{DC308137-F35C-4E72-AF1E-50B1CE8BFC77}"},"ObjectIdentifier":"AE3ECA7E-5D37-4251-9E9D-9C8680994587","Aces":[{"PrincipalSID":"S-1-5-21-3263319754-340321035-553610633-1000","PrincipalType":"Unknown","RightName":"Owner","AceType":"","IsInherited":false},{"PrincipalSID":"S-1-5-21-3263319754-340321035-553610633-512","PrincipalType":"Group","RightName":"WriteDacl","AceType":"","IsInherited":false},{"PrincipalSID":"S-1-5-21-3263319754-340321035-553610633-512","PrincipalType":"Group","RightName":"WriteOwner","AceType":"","IsInherited":false},{"PrincipalSID":"S-1-5-21-3263319754-340321035-553610633-512","PrincipalType":"Group","RightName":"GenericWrite","AceType":"","IsInherited":false},{"PrincipalSID":"S-1-5-21-3263319754-340321035-553610633-519","PrincipalType":"Group","RightName":"WriteDacl","AceType":"","IsInherited":false},{"PrincipalSID":"S-1-5-21-3263319754-340321035-553610633-519","PrincipalType":"Group","RightName":"WriteOwner","AceType":"","IsInherited":false},{"PrincipalSID":"S-1-5-21-3263319754-340321035-553610633-519","PrincipalType":"Group","RightName":"GenericWrite","AceType":"","IsInherited":false},{"PrincipalSID":"S-1-5-21-3263319754-340321035-553610633-1000","PrincipalType":"Unknown","RightName":"WriteDacl","AceType":"","IsInherited":false},{"PrincipalSID":"S-1-5-21-3263319754-340321035-553610633-1000","PrincipalType":"Unknown","RightName":"WriteOwner","AceType":"","IsInherited":false},{"PrincipalSID":"S-1-5-21-3263319754-340321035-553610633-1000","PrincipalType":"Unknown","RightName":"GenericWrite","AceType":"","IsInherited":false}]},{"Properties":{"highvalue":false,"name":"ALLOW DOMAIN USERS RDP@WINDOMAIN.LOCAL","domain":"WINDOMAIN.LOCAL","objectid":"417136A4-61AF-40E0-BD35-943E06BEBD47","distinguishedname":"CN={18D2AE46-BA83-41D1-9D42-29831A142F16},CN=Policies,CN=System,DC=windomain,DC=local","description":null,"gpcpath":"\\\\windomain.local\\sysvol\\windomain.local\\Policies\\{18D2AE46-BA83-41D1-9D42-29831A142F16}"},"ObjectIdentifier":"417136A4-61AF-40E0-BD35-943E06BEBD47","Aces":[{"PrincipalSID":"S-1-5-21-3263319754-340321035-553610633-1000","PrincipalType":"Unknown","RightName":"Owner","AceType":"","IsInherited":false},{"PrincipalSID":"S-1-5-21-3263319754-340321035-553610633-512","PrincipalType":"Group","RightName":"WriteDacl","AceType":"","IsInherited":false},{"PrincipalSID":"S-1-5-21-3263319754-340321035-553610633-512","PrincipalType":"Group","RightName":"WriteOwner","AceType":"","IsInherited":false},{"PrincipalSID":"S-1-5-21-3263319754-340321035-553610633-512","PrincipalType":"Group","RightName":"GenericWrite","AceType":"","IsInherited":false},{"PrincipalSID":"S-1-5-21-3263319754-340321035-553610633-519","PrincipalType":"Group","RightName":"WriteDacl","AceType":"","IsInherited":false},{"PrincipalSID":"S-1-5-21-3263319754-340321035-553610633-519","PrincipalType":"Group","RightName":"WriteOwner","AceType":"","IsInherited":false},{"PrincipalSID":"S-1-5-21-3263319754-340321035-553610633-519","PrincipalType":"Group","RightName":"GenericWrite","AceType":"","IsInherited":false},{"PrincipalSID":"S-1-5-21-3263319754-340321035-553610633-1000","PrincipalType":"Unknown","RightName":"WriteDacl","AceType":"","IsInherited":false},{"PrincipalSID":"S-1-5-21-3263319754-340321035-553610633-1000","PrincipalType":"Unknown","RightName":"WriteOwner","AceType":"","IsInherited":false},{"PrincipalSID":"S-1-5-21-3263319754-340321035-553610633-1000","PrincipalType":"Unknown","RightName":"GenericWrite","AceType":"","IsInherited":false}]}],"meta":{"count":9,"type":"gpos","version":3}}