﻿{"ous":[{"Properties":{"highvalue":false,"name":"WORKSTATIONS@WINDOMAIN.LOCAL","domain":"WINDOMAIN.LOCAL","objectid":"BCCFDF58-52C8-4DD8-BB0E-E197B0D2D500","distinguishedname":"OU=Workstations,DC=windomain,DC=local","description":null,"blocksinheritance":false},"Links":[{"IsEnforced":true,"Guid":"417136A4-61AF-40E0-BD35-943E06BEBD47"},{"IsEnforced":true,"Guid":"AE3ECA7E-5D37-4251-9E9D-9C8680994587"},{"IsEnforced":true,"Guid":"8D2245BF-16D9-4D9D-894B-251CCCABB048"},{"IsEnforced":true,"Guid":"6F6896EF-58F4-4199-BF9A-D05711CC13AF"},{"IsEnforced":true,"Guid":"491E35AE-6843-4FA7-B382-D63D6E5D92C6"}],"ACLProtected":false,"Users":[],"Computers":[],"ChildOus":[],"RemoteDesktopUsers":[],"LocalAdmins":[],"DcomUsers":[],"PSRemoteUsers":[],"ObjectIdentifier":"BCCFDF58-52C8-4DD8-BB0E-E197B0D2D500","Aces":[{"PrincipalSID":"S-1-5-21-3263319754-340321035-553610633-1000","PrincipalType":"Unknown","RightName":"Owner","AceType":"","IsInherited":false},{"PrincipalSID":"S-1-5-21-3263319754-340321035-553610633-512","PrincipalType":"Group","RightName":"GenericAll","AceType":"","IsInherited":false},{"PrincipalSID":"S-1-5-21-3263319754-340321035-553610633-519","PrincipalType":"Group","RightName":"GenericAll","AceType":"","IsInherited":true},{"PrincipalSID":"WINDOMAIN.LOCAL-S-1-5-32-544","PrincipalType":"Group","RightName":"WriteDacl","AceType":"","IsInherited":true},{"PrincipalSID":"WINDOMAIN.LOCAL-S-1-5-32-544","PrincipalType":"Group","RightName":"WriteOwner","AceType":"","IsInherited":true}]},{"Properties":{"highvalue":false,"name":"DOMAIN CONTROLLERS@WINDOMAIN.LOCAL","domain":"WINDOMAIN.LOCAL","objectid":"F7E512F0-7876-45BE-B846-E0D02F776A77","distinguishedname":"OU=Domain Controllers,DC=windomain,DC=local","description":"Default container for domain controllers","blocksinheritance":false},"Links":[{"IsEnforced":true,"Guid":"1ACA97FF-31E7-4139-B3DF-CD2085747FF9"},{"IsEnforced":true,"Guid":"8D2245BF-16D9-4D9D-894B-251CCCABB048"},{"IsEnforced":true,"Guid":"6F6896EF-58F4-4199-BF9A-D05711CC13AF"},{"IsEnforced":true,"Guid":"491E35AE-6843-4FA7-B382-D63D6E5D92C6"},{"IsEnforced":false,"Guid":"FD536797-AB22-42DF-B5CA-20549F1037F2"}],"ACLProtected":false,"Users":[],"Computers":["S-1-5-21-3263319754-340321035-553610633-1001"],"ChildOus":[],"RemoteDesktopUsers":[],"LocalAdmins":[],"DcomUsers":[],"PSRemoteUsers":[],"ObjectIdentifier":"F7E512F0-7876-45BE-B846-E0D02F776A77","Aces":[{"PrincipalSID":"S-1-5-21-3263319754-340321035-553610633-512","PrincipalType":"Group","RightName":"Owner","AceType":"","IsInherited":false},{"PrincipalSID":"S-1-5-21-3263319754-340321035-553610633-512","PrincipalType":"Group","RightName":"WriteDacl","AceType":"","IsInherited":false},{"PrincipalSID":"S-1-5-21-3263319754-340321035-553610633-512","PrincipalType":"Group","RightName":"WriteOwner","AceType":"","IsInherited":false},{"PrincipalSID":"S-1-5-21-3263319754-340321035-553610633-519","PrincipalType":"Group","RightName":"GenericAll","AceType":"","IsInherited":true},{"PrincipalSID":"WINDOMAIN.LOCAL-S-1-5-32-544","PrincipalType":"Group","RightName":"WriteDacl","AceType":"","IsInherited":true},{"PrincipalSID":"WINDOMAIN.LOCAL-S-1-5-32-544","PrincipalType":"Group","RightName":"WriteOwner","AceType":"","IsInherited":true}]},{"Properties":{"highvalue":false,"name":"SERVERS@WINDOMAIN.LOCAL","domain":"WINDOMAIN.LOCAL","objectid":"17E26281-ABB8-438B-B3DF-68F38E6AEA84","distinguishedname":"OU=Servers,DC=windomain,DC=local","description":null,"blocksinheritance":false},"Links":[{"IsEnforced":true,"Guid":"417136A4-61AF-40E0-BD35-943E06BEBD47"},{"IsEnforced":true,"Guid":"296B1DB3-E24C-485B-88CC-60B601B18FDA"},{"IsEnforced":true,"Guid":"8D2245BF-16D9-4D9D-894B-251CCCABB048"},{"IsEnforced":true,"Guid":"6F6896EF-58F4-4199-BF9A-D05711CC13AF"},{"IsEnforced":true,"Guid":"491E35AE-6843-4FA7-B382-D63D6E5D92C6"}],"ACLProtected":false,"Users":[],"Computers":["S-1-5-21-3263319754-340321035-553610633-1104","S-1-5-21-3263319754-340321035-553610633-1603"],"ChildOus":[],"RemoteDesktopUsers":[],"LocalAdmins":[],"DcomUsers":[],"PSRemoteUsers":[],"ObjectIdentifier":"17E26281-ABB8-438B-B3DF-68F38E6AEA84","Aces":[{"PrincipalSID":"S-1-5-21-3263319754-340321035-553610633-1000","PrincipalType":"Unknown","RightName":"Owner","AceType":"","IsInherited":false},{"PrincipalSID":"S-1-5-21-3263319754-340321035-553610633-512","PrincipalType":"Group","RightName":"GenericAll","AceType":"","IsInherited":false},{"PrincipalSID":"S-1-5-21-3263319754-340321035-553610633-519","PrincipalType":"Group","RightName":"GenericAll","AceType":"","IsInherited":true},{"PrincipalSID":"WINDOMAIN.LOCAL-S-1-5-32-544","PrincipalType":"Group","RightName":"WriteDacl","AceType":"","IsInherited":true},{"PrincipalSID":"WINDOMAIN.LOCAL-S-1-5-32-544","PrincipalType":"Group","RightName":"WriteOwner","AceType":"","IsInherited":true}]}],"meta":{"count":3,"type":"ous","version":3}}