﻿{"groups":[{"Properties":{"highvalue":true,"name":"ADMINISTRATORS@WINDOMAIN.LOCAL","domain":"WINDOMAIN.LOCAL","objectid":"WINDOMAIN.LOCAL-S-1-5-32-544","distinguishedname":"CN=Administrators,CN=Builtin,DC=windomain,DC=local","description":"Administrators have complete and unrestricted access to the computer/domain","admincount":true},"Members":[{"MemberId":"S-1-5-21-3263319754-340321035-553610633-512","MemberType":"Group"},{"MemberId":"S-1-5-21-3263319754-340321035-553610633-519","MemberType":"Group"},{"MemberId":"S-1-5-21-3263319754-340321035-553610633-500","MemberType":"User"}],"ObjectIdentifier":"WINDOMAIN.LOCAL-S-1-5-32-544","Aces":[{"PrincipalSID":"S-1-5-21-3263319754-340321035-553610633-512","PrincipalType":"Group","RightName":"Owner","AceType":"","IsInherited":false},{"PrincipalSID":"WINDOMAIN.LOCAL-S-1-5-32-544","PrincipalType":"Group","RightName":"WriteDacl","AceType":"","IsInherited":false},{"PrincipalSID":"WINDOMAIN.LOCAL-S-1-5-32-544","PrincipalType":"Group","RightName":"WriteOwner","AceType":"","IsInherited":false},{"PrincipalSID":"WINDOMAIN.LOCAL-S-1-5-32-544","PrincipalType":"Group","RightName":"GenericWrite","AceType":"","IsInherited":false},{"PrincipalSID":"S-1-5-21-3263319754-340321035-553610633-512","PrincipalType":"Group","RightName":"WriteDacl","AceType":"","IsInherited":false},{"PrincipalSID":"S-1-5-21-3263319754-340321035-553610633-512","PrincipalType":"Group","RightName":"WriteOwner","AceType":"","IsInherited":false},{"PrincipalSID":"S-1-5-21-3263319754-340321035-553610633-512","PrincipalType":"Group","RightName":"GenericWrite","AceType":"","IsInherited":false},{"PrincipalSID":"S-1-5-21-3263319754-340321035-553610633-519","PrincipalType":"Group","RightName":"WriteDacl","AceType":"","IsInherited":false},{"PrincipalSID":"S-1-5-21-3263319754-340321035-553610633-519","PrincipalType":"Group","RightName":"WriteOwner","AceType":"","IsInherited":false},{"PrincipalSID":"S-1-5-21-3263319754-340321035-553610633-519","PrincipalType":"Group","RightName":"GenericWrite","AceType":"","IsInherited":false}]},{"Properties":{"highvalue":false,"name":"GUESTS@WINDOMAIN.LOCAL","domain":"WINDOMAIN.LOCAL","objectid":"WINDOMAIN.LOCAL-S-1-5-32-546","distinguishedname":"CN=Guests,CN=Builtin,DC=windomain,DC=local","description":"Guests have the same access as members of the Users group by default, except for the Guest account which is further restricted","admincount":false},"Members":[{"MemberId":"S-1-5-21-3263319754-340321035-553610633-514","MemberType":"Group"},{"MemberId":"S-1-5-21-3263319754-340321035-553610633-501","MemberType":"User"}],"ObjectIdentifier":"WINDOMAIN.LOCAL-S-1-5-32-546","Aces":[{"PrincipalSID":"WINDOMAIN.LOCAL-S-1-5-32-544","PrincipalType":"Group","RightName":"Owner","AceType":"","IsInherited":false},{"PrincipalSID":"WINDOMAIN.LOCAL-S-1-5-32-548","PrincipalType":"Group","RightName":"GenericAll","AceType":"","IsInherited":false},{"PrincipalSID":"S-1-5-21-3263319754-340321035-553610633-512","PrincipalType":"Group","RightName":"GenericAll","AceType":"","IsInherited":false},{"PrincipalSID":"S-1-5-21-3263319754-340321035-553610633-519","PrincipalType":"Group","RightName":"GenericAll","AceType":"","IsInherited":true},{"PrincipalSID":"WINDOMAIN.LOCAL-S-1-5-32-544","PrincipalType":"Group","RightName":"WriteDacl","AceType":"","IsInherited":true},{"PrincipalSID":"WINDOMAIN.LOCAL-S-1-5-32-544","PrincipalType":"Group","RightName":"WriteOwner","AceType":"","IsInherited":true},{"PrincipalSID":"WINDOMAIN.LOCAL-S-1-5-32-544","PrincipalType":"Group","RightName":"GenericWrite","AceType":"","IsInherited":true},{"PrincipalSID":"S-1-5-21-3263319754-340321035-553610633-1603","PrincipalType":"Computer","RightName":"WriteProperty","AceType":"AddMember","IsInherited":true}]},{"Properties":{"highvalue":true,"name":"PRINT OPERATORS@WINDOMAIN.LOCAL","domain":"WINDOMAIN.LOCAL","objectid":"WINDOMAIN.LOCAL-S-1-5-32-550","distinguishedname":"CN=Print Operators,CN=Builtin,DC=windomain,DC=local","description":"Members can administer printers installed on domain controllers","admincount":true},"Members":[],"ObjectIdentifier":"WINDOMAIN.LOCAL-S-1-5-32-550","Aces":[{"PrincipalSID":"S-1-5-21-3263319754-340321035-553610633-512","PrincipalType":"Group","RightName":"Owner","AceType":"","IsInherited":false},{"PrincipalSID":"WINDOMAIN.LOCAL-S-1-5-32-544","PrincipalType":"Group","RightName":"WriteDacl","AceType":"","IsInherited":false},{"PrincipalSID":"WINDOMAIN.LOCAL-S-1-5-32-544","PrincipalType":"Group","RightName":"WriteOwner","AceType":"","IsInherited":false},{"PrincipalSID":"WINDOMAIN.LOCAL-S-1-5-32-544","PrincipalType":"Group","RightName":"GenericWrite","AceType":"","IsInherited":false},{"PrincipalSID":"S-1-5-21-3263319754-340321035-553610633-512","PrincipalType":"Group","RightName":"WriteDacl","AceType":"","IsInherited":false},{"PrincipalSID":"S-1-5-21-3263319754-340321035-553610633-512","PrincipalType":"Group","RightName":"WriteOwner","AceType":"","IsInherited":false},{"PrincipalSID":"S-1-5-21-3263319754-340321035-553610633-512","PrincipalType":"Group","RightName":"GenericWrite","AceType":"","IsInherited":false},{"PrincipalSID":"S-1-5-21-3263319754-340321035-553610633-519","PrincipalType":"Group","RightName":"WriteDacl","AceType":"","IsInherited":false},{"PrincipalSID":"S-1-5-21-3263319754-340321035-553610633-519","PrincipalType":"Group","RightName":"WriteOwner","AceType":"","IsInherited":false},{"PrincipalSID":"S-1-5-21-3263319754-340321035-553610633-519","PrincipalType":"Group","RightName":"GenericWrite","AceType":"","IsInherited":false}]},{"Properties":{"highvalue":false,"name":"REPLICATORS@WINDOMAIN.LOCAL","domain":"WINDOMAIN.LOCAL","objectid":"WINDOMAIN.LOCAL-S-1-5-32-552","distinguishedname":"CN=Replicator,CN=Builtin,DC=windomain,DC=local","description":"Supports file replication in a domain","admincount":true},"Members":[],"ObjectIdentifier":"WINDOMAIN.LOCAL-S-1-5-32-552","Aces":[{"PrincipalSID":"S-1-5-21-3263319754-340321035-553610633-512","PrincipalType":"Group","RightName":"Owner","AceType":"","IsInherited":false},{"PrincipalSID":"WINDOMAIN.LOCAL-S-1-5-32-544","PrincipalType":"Group","RightName":"WriteDacl","AceType":"","IsInherited":false},{"PrincipalSID":"WINDOMAIN.LOCAL-S-1-5-32-544","PrincipalType":"Group","RightName":"WriteOwner","AceType":"","IsInherited":false},{"PrincipalSID":"WINDOMAIN.LOCAL-S-1-5-32-544","PrincipalType":"Group","RightName":"GenericWrite","AceType":"","IsInherited":false},{"PrincipalSID":"S-1-5-21-3263319754-340321035-553610633-512","PrincipalType":"Group","RightName":"WriteDacl","AceType":"","IsInherited":false},{"PrincipalSID":"S-1-5-21-3263319754-340321035-553610633-512","PrincipalType":"Group","RightName":"WriteOwner","AceType":"","IsInherited":false},{"PrincipalSID":"S-1-5-21-3263319754-340321035-553610633-512","PrincipalType":"Group","RightName":"GenericWrite","AceType":"","IsInherited":false},{"PrincipalSID":"S-1-5-21-3263319754-340321035-553610633-519","PrincipalType":"Group","RightName":"WriteDacl","AceType":"","IsInherited":false},{"PrincipalSID":"S-1-5-21-3263319754-340321035-553610633-519","PrincipalType":"Group","RightName":"WriteOwner","AceType":"","IsInherited":false},{"PrincipalSID":"S-1-5-21-3263319754-340321035-553610633-519","PrincipalType":"Group","RightName":"GenericWrite","AceType":"","IsInherited":false}]},{"Properties":{"highvalue":true,"name":"BACKUP OPERATORS@WINDOMAIN.LOCAL","domain":"WINDOMAIN.LOCAL","objectid":"WINDOMAIN.LOCAL-S-1-5-32-551","distinguishedname":"CN=Backup Operators,CN=Builtin,DC=windomain,DC=local","description":"Backup Operators can override security restrictions for the sole purpose of backing up or restoring files","admincount":true},"Members":[],"ObjectIdentifier":"WINDOMAIN.LOCAL-S-1-5-32-551","Aces":[{"PrincipalSID":"S-1-5-21-3263319754-340321035-553610633-512","PrincipalType":"Group","RightName":"Owner","AceType":"","IsInherited":false},{"PrincipalSID":"WINDOMAIN.LOCAL-S-1-5-32-544","PrincipalType":"Group","RightName":"WriteDacl","AceType":"","IsInherited":false},{"PrincipalSID":"WINDOMAIN.LOCAL-S-1-5-32-544","PrincipalType":"Group","RightName":"WriteOwner","AceType":"","IsInherited":false},{"PrincipalSID":"WINDOMAIN.LOCAL-S-1-5-32-544","PrincipalType":"Group","RightName":"GenericWrite","AceType":"","IsInherited":false},{"PrincipalSID":"S-1-5-21-3263319754-340321035-553610633-512","PrincipalType":"Group","RightName":"WriteDacl","AceType":"","IsInherited":false},{"PrincipalSID":"S-1-5-21-3263319754-340321035-553610633-512","PrincipalType":"Group","RightName":"WriteOwner","AceType":"","IsInherited":false},{"PrincipalSID":"S-1-5-21-3263319754-340321035-553610633-512","PrincipalType":"Group","RightName":"GenericWrite","AceType":"","IsInherited":false},{"PrincipalSID":"S-1-5-21-3263319754-340321035-553610633-519","PrincipalType":"Group","RightName":"WriteDacl","AceType":"","IsInherited":false},{"PrincipalSID":"S-1-5-21-3263319754-340321035-553610633-519","PrincipalType":"Group","RightName":"WriteOwner","AceType":"","IsInherited":false},{"PrincipalSID":"S-1-5-21-3263319754-340321035-553610633-519","PrincipalType":"Group","RightName":"GenericWrite","AceType":"","IsInherited":false}]},{"Properties":{"highvalue":false,"name":"REMOTE DESKTOP USERS@WINDOMAIN.LOCAL","domain":"WINDOMAIN.LOCAL","objectid":"WINDOMAIN.LOCAL-S-1-5-32-555","distinguishedname":"CN=Remote Desktop Users,CN=Builtin,DC=windomain,DC=local","description":"Members in this group are granted the right to logon remotely","admincount":false},"Members":[],"ObjectIdentifier":"WINDOMAIN.LOCAL-S-1-5-32-555","Aces":[{"PrincipalSID":"WINDOMAIN.LOCAL-S-1-5-32-544","PrincipalType":"Group","RightName":"Owner","AceType":"","IsInherited":false},{"PrincipalSID":"WINDOMAIN.LOCAL-S-1-5-32-548","PrincipalType":"Group","RightName":"GenericAll","AceType":"","IsInherited":false},{"PrincipalSID":"S-1-5-21-3263319754-340321035-553610633-512","PrincipalType":"Group","RightName":"GenericAll","AceType":"","IsInherited":false},{"PrincipalSID":"S-1-5-21-3263319754-340321035-553610633-519","PrincipalType":"Group","RightName":"GenericAll","AceType":"","IsInherited":true},{"PrincipalSID":"WINDOMAIN.LOCAL-S-1-5-32-544","PrincipalType":"Group","RightName":"WriteDacl","AceType":"","IsInherited":true},{"PrincipalSID":"WINDOMAIN.LOCAL-S-1-5-32-544","PrincipalType":"Group","RightName":"WriteOwner","AceType":"","IsInherited":true},{"PrincipalSID":"WINDOMAIN.LOCAL-S-1-5-32-544","PrincipalType":"Group","RightName":"GenericWrite","AceType":"","IsInherited":true},{"PrincipalSID":"S-1-5-21-3263319754-340321035-553610633-1603","PrincipalType":"Computer","RightName":"WriteProperty","AceType":"AddMember","IsInherited":true}]},{"Properties":{"highvalue":false,"name":"NETWORK CONFIGURATION OPERATORS@WINDOMAIN.LOCAL","domain":"WINDOMAIN.LOCAL","objectid":"WINDOMAIN.LOCAL-S-1-5-32-556","distinguishedname":"CN=Network Configuration Operators,CN=Builtin,DC=windomain,DC=local","description":"Members in this group can have some administrative privileges to manage configuration of networking features","admincount":false},"Members":[],"ObjectIdentifier":"WINDOMAIN.LOCAL-S-1-5-32-556","Aces":[{"PrincipalSID":"WINDOMAIN.LOCAL-S-1-5-32-544","PrincipalType":"Group","RightName":"Owner","AceType":"","IsInherited":false},{"PrincipalSID":"WINDOMAIN.LOCAL-S-1-5-32-548","PrincipalType":"Group","RightName":"GenericAll","AceType":"","IsInherited":false},{"PrincipalSID":"S-1-5-21-3263319754-340321035-553610633-512","PrincipalType":"Group","RightName":"GenericAll","AceType":"","IsInherited":false},{"PrincipalSID":"S-1-5-21-3263319754-340321035-553610633-519","PrincipalType":"Group","RightName":"GenericAll","AceType":"","IsInherited":true},{"PrincipalSID":"WINDOMAIN.LOCAL-S-1-5-32-544","PrincipalType":"Group","RightName":"WriteDacl","AceType":"","IsInherited":true},{"PrincipalSID":"WINDOMAIN.LOCAL-S-1-5-32-544","PrincipalType":"Group","RightName":"WriteOwner","AceType":"","IsInherited":true},{"PrincipalSID":"WINDOMAIN.LOCAL-S-1-5-32-544","PrincipalType":"Group","RightName":"GenericWrite","AceType":"","IsInherited":true},{"PrincipalSID":"S-1-5-21-3263319754-340321035-553610633-1603","PrincipalType":"Computer","RightName":"WriteProperty","AceType":"AddMember","IsInherited":true}]},{"Properties":{"highvalue":false,"name":"IIS_IUSRS@WINDOMAIN.LOCAL","domain":"WINDOMAIN.LOCAL","objectid":"WINDOMAIN.LOCAL-S-1-5-32-568","distinguishedname":"CN=IIS_IUSRS,CN=Builtin,DC=windomain,DC=local","description":"Built-in group used by Internet Information Services.","admincount":false},"Members":[{"MemberId":"WINDOMAIN.LOCAL-S-1-5-17","MemberType":"Group"}],"ObjectIdentifier":"WINDOMAIN.LOCAL-S-1-5-32-568","Aces":[{"PrincipalSID":"WINDOMAIN.LOCAL-S-1-5-32-544","PrincipalType":"Group","RightName":"Owner","AceType":"","IsInherited":false},{"PrincipalSID":"WINDOMAIN.LOCAL-S-1-5-32-548","PrincipalType":"Group","RightName":"GenericAll","AceType":"","IsInherited":false},{"PrincipalSID":"S-1-5-21-3263319754-340321035-553610633-512","PrincipalType":"Group","RightName":"GenericAll","AceType":"","IsInherited":false},{"PrincipalSID":"S-1-5-21-3263319754-340321035-553610633-519","PrincipalType":"Group","RightName":"GenericAll","AceType":"","IsInherited":true},{"PrincipalSID":"WINDOMAIN.LOCAL-S-1-5-32-544","PrincipalType":"Group","RightName":"WriteDacl","AceType":"","IsInherited":true},{"PrincipalSID":"WINDOMAIN.LOCAL-S-1-5-32-544","PrincipalType":"Group","RightName":"WriteOwner","AceType":"","IsInherited":true},{"PrincipalSID":"WINDOMAIN.LOCAL-S-1-5-32-544","PrincipalType":"Group","RightName":"GenericWrite","AceType":"","IsInherited":true},{"PrincipalSID":"S-1-5-21-3263319754-340321035-553610633-1603","PrincipalType":"Computer","RightName":"WriteProperty","AceType":"AddMember","IsInherited":true}]},{"Properties":{"highvalue":false,"name":"EVENT LOG READERS@WINDOMAIN.LOCAL","domain":"WINDOMAIN.LOCAL","objectid":"WINDOMAIN.LOCAL-S-1-5-32-573","distinguishedname":"CN=Event Log Readers,CN=Builtin,DC=windomain,DC=local","description":"Members of this group can read event logs from local machine","admincount":false},"Members":[{"MemberId":"S-1-5-21-2099590610-328841986-2664697228-11659","MemberType":"Unknown"},{"MemberId":"WINDOMAIN.LOCAL-S-1-5-20","MemberType":"User"}],"ObjectIdentifier":"WINDOMAIN.LOCAL-S-1-5-32-573","Aces":[{"PrincipalSID":"WINDOMAIN.LOCAL-S-1-5-32-544","PrincipalType":"Group","RightName":"Owner","AceType":"","IsInherited":false},{"PrincipalSID":"WINDOMAIN.LOCAL-S-1-5-32-548","PrincipalType":"Group","RightName":"GenericAll","AceType":"","IsInherited":false},{"PrincipalSID":"S-1-5-21-3263319754-340321035-553610633-512","PrincipalType":"Group","RightName":"GenericAll","AceType":"","IsInherited":false},{"PrincipalSID":"S-1-5-21-3263319754-340321035-553610633-519","PrincipalType":"Group","RightName":"GenericAll","AceType":"","IsInherited":true},{"PrincipalSID":"WINDOMAIN.LOCAL-S-1-5-32-544","PrincipalType":"Group","RightName":"WriteDacl","AceType":"","IsInherited":true},{"PrincipalSID":"WINDOMAIN.LOCAL-S-1-5-32-544","PrincipalType":"Group","RightName":"WriteOwner","AceType":"","IsInherited":true},{"PrincipalSID":"WINDOMAIN.LOCAL-S-1-5-32-544","PrincipalType":"Group","RightName":"GenericWrite","AceType":"","IsInherited":true},{"PrincipalSID":"S-1-5-21-3263319754-340321035-553610633-1603","PrincipalType":"Computer","RightName":"WriteProperty","AceType":"AddMember","IsInherited":true}]},{"Properties":{"highvalue":false,"name":"PERFORMANCE MONITOR USERS@WINDOMAIN.LOCAL","domain":"WINDOMAIN.LOCAL","objectid":"WINDOMAIN.LOCAL-S-1-5-32-558","distinguishedname":"CN=Performance Monitor Users,CN=Builtin,DC=windomain,DC=local","description":"Members of this group can access performance counter data locally and remotely","admincount":false},"Members":[],"ObjectIdentifier":"WINDOMAIN.LOCAL-S-1-5-32-558","Aces":[{"PrincipalSID":"WINDOMAIN.LOCAL-S-1-5-32-544","PrincipalType":"Group","RightName":"Owner","AceType":"","IsInherited":false},{"PrincipalSID":"WINDOMAIN.LOCAL-S-1-5-32-548","PrincipalType":"Group","RightName":"GenericAll","AceType":"","IsInherited":false},{"PrincipalSID":"S-1-5-21-3263319754-340321035-553610633-512","PrincipalType":"Group","RightName":"GenericAll","AceType":"","IsInherited":false},{"PrincipalSID":"S-1-5-21-3263319754-340321035-553610633-519","PrincipalType":"Group","RightName":"GenericAll","AceType":"","IsInherited":true},{"PrincipalSID":"WINDOMAIN.LOCAL-S-1-5-32-544","PrincipalType":"Group","RightName":"WriteDacl","AceType":"","IsInherited":true},{"PrincipalSID":"WINDOMAIN.LOCAL-S-1-5-32-544","PrincipalType":"Group","RightName":"WriteOwner","AceType":"","IsInherited":true},{"PrincipalSID":"WINDOMAIN.LOCAL-S-1-5-32-544","PrincipalType":"Group","RightName":"GenericWrite","AceType":"","IsInherited":true},{"PrincipalSID":"S-1-5-21-3263319754-340321035-553610633-1603","PrincipalType":"Computer","RightName":"WriteProperty","AceType":"AddMember","IsInherited":true}]},{"Properties":{"highvalue":false,"name":"CRYPTOGRAPHIC OPERATORS@WINDOMAIN.LOCAL","domain":"WINDOMAIN.LOCAL","objectid":"WINDOMAIN.LOCAL-S-1-5-32-569","distinguishedname":"CN=Cryptographic Operators,CN=Builtin,DC=windomain,DC=local","description":"Members are authorized to perform cryptographic operations.","admincount":false},"Members":[],"ObjectIdentifier":"WINDOMAIN.LOCAL-S-1-5-32-569","Aces":[{"PrincipalSID":"WINDOMAIN.LOCAL-S-1-5-32-544","PrincipalType":"Group","RightName":"Owner","AceType":"","IsInherited":false},{"PrincipalSID":"WINDOMAIN.LOCAL-S-1-5-32-548","PrincipalType":"Group","RightName":"GenericAll","AceType":"","IsInherited":false},{"PrincipalSID":"S-1-5-21-3263319754-340321035-553610633-512","PrincipalType":"Group","RightName":"GenericAll","AceType":"","IsInherited":false},{"PrincipalSID":"S-1-5-21-3263319754-340321035-553610633-519","PrincipalType":"Group","RightName":"GenericAll","AceType":"","IsInherited":true},{"PrincipalSID":"WINDOMAIN.LOCAL-S-1-5-32-544","PrincipalType":"Group","RightName":"WriteDacl","AceType":"","IsInherited":true},{"PrincipalSID":"WINDOMAIN.LOCAL-S-1-5-32-544","PrincipalType":"Group","RightName":"WriteOwner","AceType":"","IsInherited":true},{"PrincipalSID":"WINDOMAIN.LOCAL-S-1-5-32-544","PrincipalType":"Group","RightName":"GenericWrite","AceType":"","IsInherited":true},{"PrincipalSID":"S-1-5-21-3263319754-340321035-553610633-1603","PrincipalType":"Computer","RightName":"WriteProperty","AceType":"AddMember","IsInherited":true}]},{"Properties":{"highvalue":false,"name":"RDS REMOTE ACCESS SERVERS@WINDOMAIN.LOCAL","domain":"WINDOMAIN.LOCAL","objectid":"WINDOMAIN.LOCAL-S-1-5-32-575","distinguishedname":"CN=RDS Remote Access Servers,CN=Builtin,DC=windomain,DC=local","description":"Servers in this group enable users of RemoteApp programs and personal virtual desktops access to these resources. In Internet-facing deployments, these servers are typically deployed in an edge network. This group needs to be populated on servers running RD Connection Broker. RD Gateway servers and RD Web Access servers used in the deployment need to be in this group.","admincount":false},"Members":[],"ObjectIdentifier":"WINDOMAIN.LOCAL-S-1-5-32-575","Aces":[{"PrincipalSID":"WINDOMAIN.LOCAL-S-1-5-32-544","PrincipalType":"Group","RightName":"Owner","AceType":"","IsInherited":false},{"PrincipalSID":"WINDOMAIN.LOCAL-S-1-5-32-548","PrincipalType":"Group","RightName":"GenericAll","AceType":"","IsInherited":false},{"PrincipalSID":"S-1-5-21-3263319754-340321035-553610633-512","PrincipalType":"Group","RightName":"GenericAll","AceType":"","IsInherited":false},{"PrincipalSID":"S-1-5-21-3263319754-340321035-553610633-519","PrincipalType":"Group","RightName":"GenericAll","AceType":"","IsInherited":true},{"PrincipalSID":"WINDOMAIN.LOCAL-S-1-5-32-544","PrincipalType":"Group","RightName":"WriteDacl","AceType":"","IsInherited":true},{"PrincipalSID":"WINDOMAIN.LOCAL-S-1-5-32-544","PrincipalType":"Group","RightName":"WriteOwner","AceType":"","IsInherited":true},{"PrincipalSID":"WINDOMAIN.LOCAL-S-1-5-32-544","PrincipalType":"Group","RightName":"GenericWrite","AceType":"","IsInherited":true},{"PrincipalSID":"S-1-5-21-3263319754-340321035-553610633-1603","PrincipalType":"Computer","RightName":"WriteProperty","AceType":"AddMember","IsInherited":true}]},{"Properties":{"highvalue":false,"name":"DISTRIBUTED COM USERS@WINDOMAIN.LOCAL","domain":"WINDOMAIN.LOCAL","objectid":"WINDOMAIN.LOCAL-S-1-5-32-562","distinguishedname":"CN=Distributed COM Users,CN=Builtin,DC=windomain,DC=local","description":"Members are allowed to launch, activate and use Distributed COM objects on this machine.","admincount":false},"Members":[],"ObjectIdentifier":"WINDOMAIN.LOCAL-S-1-5-32-562","Aces":[{"PrincipalSID":"WINDOMAIN.LOCAL-S-1-5-32-544","PrincipalType":"Group","RightName":"Owner","AceType":"","IsInherited":false},{"PrincipalSID":"WINDOMAIN.LOCAL-S-1-5-32-548","PrincipalType":"Group","RightName":"GenericAll","AceType":"","IsInherited":false},{"PrincipalSID":"S-1-5-21-3263319754-340321035-553610633-512","PrincipalType":"Group","RightName":"GenericAll","AceType":"","IsInherited":false},{"PrincipalSID":"S-1-5-21-3263319754-340321035-553610633-519","PrincipalType":"Group","RightName":"GenericAll","AceType":"","IsInherited":true},{"PrincipalSID":"WINDOMAIN.LOCAL-S-1-5-32-544","PrincipalType":"Group","RightName":"WriteDacl","AceType":"","IsInherited":true},{"PrincipalSID":"WINDOMAIN.LOCAL-S-1-5-32-544","PrincipalType":"Group","RightName":"WriteOwner","AceType":"","IsInherited":true},{"PrincipalSID":"WINDOMAIN.LOCAL-S-1-5-32-544","PrincipalType":"Group","RightName":"GenericWrite","AceType":"","IsInherited":true},{"PrincipalSID":"S-1-5-21-3263319754-340321035-553610633-1603","PrincipalType":"Computer","RightName":"WriteProperty","AceType":"AddMember","IsInherited":true}]},{"Properties":{"highvalue":false,"name":"SYSTEM MANAGED ACCOUNTS GROUP@WINDOMAIN.LOCAL","domain":"WINDOMAIN.LOCAL","objectid":"S-1-5-32-581","distinguishedname":"CN=System Managed Accounts Group,CN=Builtin,DC=windomain,DC=local","description":"Members of this group are managed by the system.","admincount":false},"Members":[{"MemberId":"S-1-5-21-3263319754-340321035-553610633-503","MemberType":"User"}],"ObjectIdentifier":"S-1-5-32-581","Aces":[{"PrincipalSID":"WINDOMAIN.LOCAL-S-1-5-32-544","PrincipalType":"Group","RightName":"Owner","AceType":"","IsInherited":false},{"PrincipalSID":"WINDOMAIN.LOCAL-S-1-5-32-548","PrincipalType":"Group","RightName":"GenericAll","AceType":"","IsInherited":false},{"PrincipalSID":"S-1-5-21-3263319754-340321035-553610633-512","PrincipalType":"Group","RightName":"GenericAll","AceType":"","IsInherited":false},{"PrincipalSID":"S-1-5-21-3263319754-340321035-553610633-519","PrincipalType":"Group","RightName":"GenericAll","AceType":"","IsInherited":true},{"PrincipalSID":"WINDOMAIN.LOCAL-S-1-5-32-544","PrincipalType":"Group","RightName":"WriteDacl","AceType":"","IsInherited":true},{"PrincipalSID":"WINDOMAIN.LOCAL-S-1-5-32-544","PrincipalType":"Group","RightName":"WriteOwner","AceType":"","IsInherited":true},{"PrincipalSID":"WINDOMAIN.LOCAL-S-1-5-32-544","PrincipalType":"Group","RightName":"GenericWrite","AceType":"","IsInherited":true},{"PrincipalSID":"S-1-5-21-3263319754-340321035-553610633-1603","PrincipalType":"Computer","RightName":"WriteProperty","AceType":"AddMember","IsInherited":true}]},{"Properties":{"highvalue":false,"name":"CERTIFICATE SERVICE DCOM ACCESS@WINDOMAIN.LOCAL","domain":"WINDOMAIN.LOCAL","objectid":"WINDOMAIN.LOCAL-S-1-5-32-574","distinguishedname":"CN=Certificate Service DCOM Access,CN=Builtin,DC=windomain,DC=local","description":"Members of this group are allowed to connect to Certification Authorities in the enterprise","admincount":false},"Members":[],"ObjectIdentifier":"WINDOMAIN.LOCAL-S-1-5-32-574","Aces":[{"PrincipalSID":"WINDOMAIN.LOCAL-S-1-5-32-544","PrincipalType":"Group","RightName":"Owner","AceType":"","IsInherited":false},{"PrincipalSID":"WINDOMAIN.LOCAL-S-1-5-32-548","PrincipalType":"Group","RightName":"GenericAll","AceType":"","IsInherited":false},{"PrincipalSID":"S-1-5-21-3263319754-340321035-553610633-512","PrincipalType":"Group","RightName":"GenericAll","AceType":"","IsInherited":false},{"PrincipalSID":"S-1-5-21-3263319754-340321035-553610633-519","PrincipalType":"Group","RightName":"GenericAll","AceType":"","IsInherited":true},{"PrincipalSID":"WINDOMAIN.LOCAL-S-1-5-32-544","PrincipalType":"Group","RightName":"WriteDacl","AceType":"","IsInherited":true},{"PrincipalSID":"WINDOMAIN.LOCAL-S-1-5-32-544","PrincipalType":"Group","RightName":"WriteOwner","AceType":"","IsInherited":true},{"PrincipalSID":"WINDOMAIN.LOCAL-S-1-5-32-544","PrincipalType":"Group","RightName":"GenericWrite","AceType":"","IsInherited":true},{"PrincipalSID":"S-1-5-21-3263319754-340321035-553610633-1603","PrincipalType":"Computer","RightName":"WriteProperty","AceType":"AddMember","IsInherited":true}]},{"Properties":{"highvalue":false,"name":"RDS MANAGEMENT SERVERS@WINDOMAIN.LOCAL","domain":"WINDOMAIN.LOCAL","objectid":"WINDOMAIN.LOCAL-S-1-5-32-577","distinguishedname":"CN=RDS Management Servers,CN=Builtin,DC=windomain,DC=local","description":"Servers in this group can perform routine administrative actions on servers running Remote Desktop Services. This group needs to be populated on all servers in a Remote Desktop Services deployment. The servers running the RDS Central Management service must be included in this group.","admincount":false},"Members":[],"ObjectIdentifier":"WINDOMAIN.LOCAL-S-1-5-32-577","Aces":[{"PrincipalSID":"WINDOMAIN.LOCAL-S-1-5-32-544","PrincipalType":"Group","RightName":"Owner","AceType":"","IsInherited":false},{"PrincipalSID":"WINDOMAIN.LOCAL-S-1-5-32-548","PrincipalType":"Group","RightName":"GenericAll","AceType":"","IsInherited":false},{"PrincipalSID":"S-1-5-21-3263319754-340321035-553610633-512","PrincipalType":"Group","RightName":"GenericAll","AceType":"","IsInherited":false},{"PrincipalSID":"S-1-5-21-3263319754-340321035-553610633-519","PrincipalType":"Group","RightName":"GenericAll","AceType":"","IsInherited":true},{"PrincipalSID":"WINDOMAIN.LOCAL-S-1-5-32-544","PrincipalType":"Group","RightName":"WriteDacl","AceType":"","IsInherited":true},{"PrincipalSID":"WINDOMAIN.LOCAL-S-1-5-32-544","PrincipalType":"Group","RightName":"WriteOwner","AceType":"","IsInherited":true},{"PrincipalSID":"WINDOMAIN.LOCAL-S-1-5-32-544","PrincipalType":"Group","RightName":"GenericWrite","AceType":"","IsInherited":true},{"PrincipalSID":"S-1-5-21-3263319754-340321035-553610633-1603","PrincipalType":"Computer","RightName":"WriteProperty","AceType":"AddMember","IsInherited":true}]},{"Properties":{"highvalue":false,"name":"RDS ENDPOINT SERVERS@WINDOMAIN.LOCAL","domain":"WINDOMAIN.LOCAL","objectid":"WINDOMAIN.LOCAL-S-1-5-32-576","distinguishedname":"CN=RDS Endpoint Servers,CN=Builtin,DC=windomain,DC=local","description":"Servers in this group run virtual machines and host sessions where users RemoteApp programs and personal virtual desktops run. This group needs to be populated on servers running RD Connection Broker. RD Session Host servers and RD Virtualization Host servers used in the deployment need to be in this group.","admincount":false},"Members":[],"ObjectIdentifier":"WINDOMAIN.LOCAL-S-1-5-32-576","Aces":[{"PrincipalSID":"WINDOMAIN.LOCAL-S-1-5-32-544","PrincipalType":"Group","RightName":"Owner","AceType":"","IsInherited":false},{"PrincipalSID":"WINDOMAIN.LOCAL-S-1-5-32-548","PrincipalType":"Group","RightName":"GenericAll","AceType":"","IsInherited":false},{"PrincipalSID":"S-1-5-21-3263319754-340321035-553610633-512","PrincipalType":"Group","RightName":"GenericAll","AceType":"","IsInherited":false},{"PrincipalSID":"S-1-5-21-3263319754-340321035-553610633-519","PrincipalType":"Group","RightName":"GenericAll","AceType":"","IsInherited":true},{"PrincipalSID":"WINDOMAIN.LOCAL-S-1-5-32-544","PrincipalType":"Group","RightName":"WriteDacl","AceType":"","IsInherited":true},{"PrincipalSID":"WINDOMAIN.LOCAL-S-1-5-32-544","PrincipalType":"Group","RightName":"WriteOwner","AceType":"","IsInherited":true},{"PrincipalSID":"WINDOMAIN.LOCAL-S-1-5-32-544","PrincipalType":"Group","RightName":"GenericWrite","AceType":"","IsInherited":true},{"PrincipalSID":"S-1-5-21-3263319754-340321035-553610633-1603","PrincipalType":"Computer","RightName":"WriteProperty","AceType":"AddMember","IsInherited":true}]},{"Properties":{"highvalue":false,"name":"HYPER-V ADMINISTRATORS@WINDOMAIN.LOCAL","domain":"WINDOMAIN.LOCAL","objectid":"WINDOMAIN.LOCAL-S-1-5-32-578","distinguishedname":"CN=Hyper-V Administrators,CN=Builtin,DC=windomain,DC=local","description":"Members of this group have complete and unrestricted access to all features of Hyper-V.","admincount":false},"Members":[],"ObjectIdentifier":"WINDOMAIN.LOCAL-S-1-5-32-578","Aces":[{"PrincipalSID":"WINDOMAIN.LOCAL-S-1-5-32-544","PrincipalType":"Group","RightName":"Owner","AceType":"","IsInherited":false},{"PrincipalSID":"WINDOMAIN.LOCAL-S-1-5-32-548","PrincipalType":"Group","RightName":"GenericAll","AceType":"","IsInherited":false},{"PrincipalSID":"S-1-5-21-3263319754-340321035-553610633-512","PrincipalType":"Group","RightName":"GenericAll","AceType":"","IsInherited":false},{"PrincipalSID":"S-1-5-21-3263319754-340321035-553610633-519","PrincipalType":"Group","RightName":"GenericAll","AceType":"","IsInherited":true},{"PrincipalSID":"WINDOMAIN.LOCAL-S-1-5-32-544","PrincipalType":"Group","RightName":"WriteDacl","AceType":"","IsInherited":true},{"PrincipalSID":"WINDOMAIN.LOCAL-S-1-5-32-544","PrincipalType":"Group","RightName":"WriteOwner","AceType":"","IsInherited":true},{"PrincipalSID":"WINDOMAIN.LOCAL-S-1-5-32-544","PrincipalType":"Group","RightName":"GenericWrite","AceType":"","IsInherited":true},{"PrincipalSID":"S-1-5-21-3263319754-340321035-553610633-1603","PrincipalType":"Computer","RightName":"WriteProperty","AceType":"AddMember","IsInherited":true}]},{"Properties":{"highvalue":false,"name":"PERFORMANCE LOG USERS@WINDOMAIN.LOCAL","domain":"WINDOMAIN.LOCAL","objectid":"WINDOMAIN.LOCAL-S-1-5-32-559","distinguishedname":"CN=Performance Log Users,CN=Builtin,DC=windomain,DC=local","description":"Members of this group may schedule logging of performance counters, enable trace providers, and collect event traces both locally and via remote access to this computer","admincount":false},"Members":[],"ObjectIdentifier":"WINDOMAIN.LOCAL-S-1-5-32-559","Aces":[{"PrincipalSID":"WINDOMAIN.LOCAL-S-1-5-32-544","PrincipalType":"Group","RightName":"Owner","AceType":"","IsInherited":false},{"PrincipalSID":"WINDOMAIN.LOCAL-S-1-5-32-548","PrincipalType":"Group","RightName":"GenericAll","AceType":"","IsInherited":false},{"PrincipalSID":"S-1-5-21-3263319754-340321035-553610633-512","PrincipalType":"Group","RightName":"GenericAll","AceType":"","IsInherited":false},{"PrincipalSID":"S-1-5-21-3263319754-340321035-553610633-519","PrincipalType":"Group","RightName":"GenericAll","AceType":"","IsInherited":true},{"PrincipalSID":"WINDOMAIN.LOCAL-S-1-5-32-544","PrincipalType":"Group","RightName":"WriteDacl","AceType":"","IsInherited":true},{"PrincipalSID":"WINDOMAIN.LOCAL-S-1-5-32-544","PrincipalType":"Group","RightName":"WriteOwner","AceType":"","IsInherited":true},{"PrincipalSID":"WINDOMAIN.LOCAL-S-1-5-32-544","PrincipalType":"Group","RightName":"GenericWrite","AceType":"","IsInherited":true},{"PrincipalSID":"S-1-5-21-3263319754-340321035-553610633-1603","PrincipalType":"Computer","RightName":"WriteProperty","AceType":"AddMember","IsInherited":true}]},{"Properties":{"highvalue":false,"name":"REMOTE MANAGEMENT USERS@WINDOMAIN.LOCAL","domain":"WINDOMAIN.LOCAL","objectid":"WINDOMAIN.LOCAL-S-1-5-32-580","distinguishedname":"CN=Remote Management Users,CN=Builtin,DC=windomain,DC=local","description":"Members of this group can access WMI resources over management protocols (such as WS-Management via the Windows Remote Management service). This applies only to WMI namespaces that grant access to the user.","admincount":false},"Members":[],"ObjectIdentifier":"WINDOMAIN.LOCAL-S-1-5-32-580","Aces":[{"PrincipalSID":"WINDOMAIN.LOCAL-S-1-5-32-544","PrincipalType":"Group","RightName":"Owner","AceType":"","IsInherited":false},{"PrincipalSID":"WINDOMAIN.LOCAL-S-1-5-32-548","PrincipalType":"Group","RightName":"GenericAll","AceType":"","IsInherited":false},{"PrincipalSID":"S-1-5-21-3263319754-340321035-553610633-512","PrincipalType":"Group","RightName":"GenericAll","AceType":"","IsInherited":false},{"PrincipalSID":"S-1-5-21-3263319754-340321035-553610633-519","PrincipalType":"Group","RightName":"GenericAll","AceType":"","IsInherited":true},{"PrincipalSID":"WINDOMAIN.LOCAL-S-1-5-32-544","PrincipalType":"Group","RightName":"WriteDacl","AceType":"","IsInherited":true},{"PrincipalSID":"WINDOMAIN.LOCAL-S-1-5-32-544","PrincipalType":"Group","RightName":"WriteOwner","AceType":"","IsInherited":true},{"PrincipalSID":"WINDOMAIN.LOCAL-S-1-5-32-544","PrincipalType":"Group","RightName":"GenericWrite","AceType":"","IsInherited":true},{"PrincipalSID":"S-1-5-21-3263319754-340321035-553610633-1603","PrincipalType":"Computer","RightName":"WriteProperty","AceType":"AddMember","IsInherited":true}]},{"Properties":{"highvalue":false,"name":"CERT PUBLISHERS@WINDOMAIN.LOCAL","domain":"WINDOMAIN.LOCAL","objectid":"S-1-5-21-3263319754-340321035-553610633-517","distinguishedname":"CN=Cert Publishers,CN=Users,DC=windomain,DC=local","description":"Members of this group are permitted to publish certificates to the directory","admincount":false},"Members":[],"ObjectIdentifier":"S-1-5-21-3263319754-340321035-553610633-517","Aces":[{"PrincipalSID":"S-1-5-21-3263319754-340321035-553610633-512","PrincipalType":"Group","RightName":"Owner","AceType":"","IsInherited":false},{"PrincipalSID":"WINDOMAIN.LOCAL-S-1-5-32-548","PrincipalType":"Group","RightName":"GenericAll","AceType":"","IsInherited":false},{"PrincipalSID":"S-1-5-21-3263319754-340321035-553610633-512","PrincipalType":"Group","RightName":"GenericAll","AceType":"","IsInherited":false},{"PrincipalSID":"S-1-5-21-3263319754-340321035-553610633-1603","PrincipalType":"Computer","RightName":"WriteProperty","AceType":"AddMember","IsInherited":true},{"PrincipalSID":"S-1-5-21-3263319754-340321035-553610633-519","PrincipalType":"Group","RightName":"GenericAll","AceType":"","IsInherited":true},{"PrincipalSID":"WINDOMAIN.LOCAL-S-1-5-32-544","PrincipalType":"Group","RightName":"WriteDacl","AceType":"","IsInherited":true},{"PrincipalSID":"WINDOMAIN.LOCAL-S-1-5-32-544","PrincipalType":"Group","RightName":"WriteOwner","AceType":"","IsInherited":true},{"PrincipalSID":"WINDOMAIN.LOCAL-S-1-5-32-544","PrincipalType":"Group","RightName":"GenericWrite","AceType":"","IsInherited":true}]},{"Properties":{"highvalue":false,"name":"STORAGE REPLICA ADMINISTRATORS@WINDOMAIN.LOCAL","domain":"WINDOMAIN.LOCAL","objectid":"S-1-5-32-582","distinguishedname":"CN=Storage Replica Administrators,CN=Builtin,DC=windomain,DC=local","description":"Members of this group have complete and unrestricted access to all features of Storage Replica.","admincount":false},"Members":[],"ObjectIdentifier":"S-1-5-32-582","Aces":[{"PrincipalSID":"WINDOMAIN.LOCAL-S-1-5-32-544","PrincipalType":"Group","RightName":"Owner","AceType":"","IsInherited":false},{"PrincipalSID":"WINDOMAIN.LOCAL-S-1-5-32-548","PrincipalType":"Group","RightName":"GenericAll","AceType":"","IsInherited":false},{"PrincipalSID":"S-1-5-21-3263319754-340321035-553610633-512","PrincipalType":"Group","RightName":"GenericAll","AceType":"","IsInherited":false},{"PrincipalSID":"S-1-5-21-3263319754-340321035-553610633-519","PrincipalType":"Group","RightName":"GenericAll","AceType":"","IsInherited":true},{"PrincipalSID":"WINDOMAIN.LOCAL-S-1-5-32-544","PrincipalType":"Group","RightName":"WriteDacl","AceType":"","IsInherited":true},{"PrincipalSID":"WINDOMAIN.LOCAL-S-1-5-32-544","PrincipalType":"Group","RightName":"WriteOwner","AceType":"","IsInherited":true},{"PrincipalSID":"WINDOMAIN.LOCAL-S-1-5-32-544","PrincipalType":"Group","RightName":"GenericWrite","AceType":"","IsInherited":true},{"PrincipalSID":"S-1-5-21-3263319754-340321035-553610633-1603","PrincipalType":"Computer","RightName":"WriteProperty","AceType":"AddMember","IsInherited":true}]},{"Properties":{"highvalue":true,"name":"SERVER OPERATORS@WINDOMAIN.LOCAL","domain":"WINDOMAIN.LOCAL","objectid":"WINDOMAIN.LOCAL-S-1-5-32-549","distinguishedname":"CN=Server Operators,CN=Builtin,DC=windomain,DC=local","description":"Members can administer domain servers","admincount":true},"Members":[],"ObjectIdentifier":"WINDOMAIN.LOCAL-S-1-5-32-549","Aces":[{"PrincipalSID":"S-1-5-21-3263319754-340321035-553610633-512","PrincipalType":"Group","RightName":"Owner","AceType":"","IsInherited":false},{"PrincipalSID":"WINDOMAIN.LOCAL-S-1-5-32-544","PrincipalType":"Group","RightName":"WriteDacl","AceType":"","IsInherited":false},{"PrincipalSID":"WINDOMAIN.LOCAL-S-1-5-32-544","PrincipalType":"Group","RightName":"WriteOwner","AceType":"","IsInherited":false},{"PrincipalSID":"WINDOMAIN.LOCAL-S-1-5-32-544","PrincipalType":"Group","RightName":"GenericWrite","AceType":"","IsInherited":false},{"PrincipalSID":"S-1-5-21-3263319754-340321035-553610633-512","PrincipalType":"Group","RightName":"WriteDacl","AceType":"","IsInherited":false},{"PrincipalSID":"S-1-5-21-3263319754-340321035-553610633-512","PrincipalType":"Group","RightName":"WriteOwner","AceType":"","IsInherited":false},{"PrincipalSID":"S-1-5-21-3263319754-340321035-553610633-512","PrincipalType":"Group","RightName":"GenericWrite","AceType":"","IsInherited":false},{"PrincipalSID":"S-1-5-21-3263319754-340321035-553610633-519","PrincipalType":"Group","RightName":"WriteDacl","AceType":"","IsInherited":false},{"PrincipalSID":"S-1-5-21-3263319754-340321035-553610633-519","PrincipalType":"Group","RightName":"WriteOwner","AceType":"","IsInherited":false},{"PrincipalSID":"S-1-5-21-3263319754-340321035-553610633-519","PrincipalType":"Group","RightName":"GenericWrite","AceType":"","IsInherited":false}]},{"Properties":{"highvalue":false,"name":"PRE-WINDOWS 2000 COMPATIBLE ACCESS@WINDOMAIN.LOCAL","domain":"WINDOMAIN.LOCAL","objectid":"WINDOMAIN.LOCAL-S-1-5-32-554","distinguishedname":"CN=Pre-Windows 2000 Compatible Access,CN=Builtin,DC=windomain,DC=local","description":"A backward compatibility group which allows read access on all users and groups in the domain","admincount":false},"Members":[{"MemberId":"WINDOMAIN.LOCAL-S-1-5-11","MemberType":"Group"}],"ObjectIdentifier":"WINDOMAIN.LOCAL-S-1-5-32-554","Aces":[{"PrincipalSID":"S-1-5-21-3263319754-340321035-553610633-512","PrincipalType":"Group","RightName":"Owner","AceType":"","IsInherited":false},{"PrincipalSID":"WINDOMAIN.LOCAL-S-1-5-32-548","PrincipalType":"Group","RightName":"GenericAll","AceType":"","IsInherited":false},{"PrincipalSID":"S-1-5-21-3263319754-340321035-553610633-512","PrincipalType":"Group","RightName":"GenericAll","AceType":"","IsInherited":false},{"PrincipalSID":"S-1-5-21-3263319754-340321035-553610633-519","PrincipalType":"Group","RightName":"GenericAll","AceType":"","IsInherited":true},{"PrincipalSID":"WINDOMAIN.LOCAL-S-1-5-32-544","PrincipalType":"Group","RightName":"WriteDacl","AceType":"","IsInherited":true},{"PrincipalSID":"WINDOMAIN.LOCAL-S-1-5-32-544","PrincipalType":"Group","RightName":"WriteOwner","AceType":"","IsInherited":true},{"PrincipalSID":"WINDOMAIN.LOCAL-S-1-5-32-544","PrincipalType":"Group","RightName":"GenericWrite","AceType":"","IsInherited":true},{"PrincipalSID":"S-1-5-21-3263319754-340321035-553610633-1603","PrincipalType":"Computer","RightName":"WriteProperty","AceType":"AddMember","IsInherited":true}]},{"Properties":{"highvalue":false,"name":"WINDOWS AUTHORIZATION ACCESS GROUP@WINDOMAIN.LOCAL","domain":"WINDOMAIN.LOCAL","objectid":"WINDOMAIN.LOCAL-S-1-5-32-560","distinguishedname":"CN=Windows Authorization Access Group,CN=Builtin,DC=windomain,DC=local","description":"Members of this group have access to the computed tokenGroupsGlobalAndUniversal attribute on User objects","admincount":false},"Members":[{"MemberId":"WINDOMAIN.LOCAL-S-1-5-9","MemberType":"Group"}],"ObjectIdentifier":"WINDOMAIN.LOCAL-S-1-5-32-560","Aces":[{"PrincipalSID":"S-1-5-21-3263319754-340321035-553610633-512","PrincipalType":"Group","RightName":"Owner","AceType":"","IsInherited":false},{"PrincipalSID":"WINDOMAIN.LOCAL-S-1-5-32-548","PrincipalType":"Group","RightName":"GenericAll","AceType":"","IsInherited":false},{"PrincipalSID":"S-1-5-21-3263319754-340321035-553610633-512","PrincipalType":"Group","RightName":"GenericAll","AceType":"","IsInherited":false},{"PrincipalSID":"S-1-5-21-3263319754-340321035-553610633-519","PrincipalType":"Group","RightName":"GenericAll","AceType":"","IsInherited":true},{"PrincipalSID":"WINDOMAIN.LOCAL-S-1-5-32-544","PrincipalType":"Group","RightName":"WriteDacl","AceType":"","IsInherited":true},{"PrincipalSID":"WINDOMAIN.LOCAL-S-1-5-32-544","PrincipalType":"Group","RightName":"WriteOwner","AceType":"","IsInherited":true},{"PrincipalSID":"WINDOMAIN.LOCAL-S-1-5-32-544","PrincipalType":"Group","RightName":"GenericWrite","AceType":"","IsInherited":true},{"PrincipalSID":"S-1-5-21-3263319754-340321035-553610633-1603","PrincipalType":"Computer","RightName":"WriteProperty","AceType":"AddMember","IsInherited":true}]},{"Properties":{"highvalue":false,"name":"DENIED RODC PASSWORD REPLICATION GROUP@WINDOMAIN.LOCAL","domain":"WINDOMAIN.LOCAL","objectid":"S-1-5-21-3263319754-340321035-553610633-572","distinguishedname":"CN=Denied RODC Password Replication Group,CN=Users,DC=windomain,DC=local","description":"Members in this group cannot have their passwords replicated to any read-only domain controllers in the domain","admincount":false},"Members":[{"MemberId":"S-1-5-21-3263319754-340321035-553610633-521","MemberType":"Group"},{"MemberId":"S-1-5-21-3263319754-340321035-553610633-520","MemberType":"Group"},{"MemberId":"S-1-5-21-3263319754-340321035-553610633-512","MemberType":"Group"},{"MemberId":"S-1-5-21-3263319754-340321035-553610633-517","MemberType":"Group"},{"MemberId":"S-1-5-21-3263319754-340321035-553610633-519","MemberType":"Group"},{"MemberId":"S-1-5-21-3263319754-340321035-553610633-518","MemberType":"Group"},{"MemberId":"S-1-5-21-3263319754-340321035-553610633-516","MemberType":"Group"},{"MemberId":"S-1-5-21-3263319754-340321035-553610633-502","MemberType":"User"}],"ObjectIdentifier":"S-1-5-21-3263319754-340321035-553610633-572","Aces":[{"PrincipalSID":"S-1-5-21-3263319754-340321035-553610633-512","PrincipalType":"Group","RightName":"Owner","AceType":"","IsInherited":false},{"PrincipalSID":"WINDOMAIN.LOCAL-S-1-5-32-548","PrincipalType":"Group","RightName":"GenericAll","AceType":"","IsInherited":false},{"PrincipalSID":"S-1-5-21-3263319754-340321035-553610633-512","PrincipalType":"Group","RightName":"GenericAll","AceType":"","IsInherited":false},{"PrincipalSID":"S-1-5-21-3263319754-340321035-553610633-1603","PrincipalType":"Computer","RightName":"WriteProperty","AceType":"AddMember","IsInherited":true},{"PrincipalSID":"S-1-5-21-3263319754-340321035-553610633-519","PrincipalType":"Group","RightName":"GenericAll","AceType":"","IsInherited":true},{"PrincipalSID":"WINDOMAIN.LOCAL-S-1-5-32-544","PrincipalType":"Group","RightName":"WriteDacl","AceType":"","IsInherited":true},{"PrincipalSID":"WINDOMAIN.LOCAL-S-1-5-32-544","PrincipalType":"Group","RightName":"WriteOwner","AceType":"","IsInherited":true},{"PrincipalSID":"WINDOMAIN.LOCAL-S-1-5-32-544","PrincipalType":"Group","RightName":"GenericWrite","AceType":"","IsInherited":true}]},{"Properties":{"highvalue":false,"name":"DNSADMINS@WINDOMAIN.LOCAL","domain":"WINDOMAIN.LOCAL","objectid":"S-1-5-21-3263319754-340321035-553610633-1102","distinguishedname":"CN=DnsAdmins,CN=Users,DC=windomain,DC=local","description":"DNS Administrators Group","admincount":false},"Members":[{"MemberId":"S-1-5-21-3263319754-340321035-553610633-2614","MemberType":"Group"}],"ObjectIdentifier":"S-1-5-21-3263319754-340321035-553610633-1102","Aces":[{"PrincipalSID":"WINDOMAIN.LOCAL-S-1-5-32-548","PrincipalType":"Group","RightName":"GenericAll","AceType":"","IsInherited":false},{"PrincipalSID":"S-1-5-21-3263319754-340321035-553610633-512","PrincipalType":"Group","RightName":"GenericAll","AceType":"","IsInherited":false},{"PrincipalSID":"S-1-5-21-3263319754-340321035-553610633-1603","PrincipalType":"Computer","RightName":"WriteProperty","AceType":"AddMember","IsInherited":true},{"PrincipalSID":"S-1-5-21-3263319754-340321035-553610633-519","PrincipalType":"Group","RightName":"GenericAll","AceType":"","IsInherited":true},{"PrincipalSID":"WINDOMAIN.LOCAL-S-1-5-32-544","PrincipalType":"Group","RightName":"WriteDacl","AceType":"","IsInherited":true},{"PrincipalSID":"WINDOMAIN.LOCAL-S-1-5-32-544","PrincipalType":"Group","RightName":"WriteOwner","AceType":"","IsInherited":true},{"PrincipalSID":"WINDOMAIN.LOCAL-S-1-5-32-544","PrincipalType":"Group","RightName":"GenericWrite","AceType":"","IsInherited":true}]},{"Properties":{"highvalue":false,"name":"SCHEMA ADMINS@WINDOMAIN.LOCAL","domain":"WINDOMAIN.LOCAL","objectid":"S-1-5-21-3263319754-340321035-553610633-518","distinguishedname":"CN=Schema Admins,CN=Users,DC=windomain,DC=local","description":"Designated administrators of the schema","admincount":true},"Members":[{"MemberId":"S-1-5-21-3263319754-340321035-553610633-500","MemberType":"User"}],"ObjectIdentifier":"S-1-5-21-3263319754-340321035-553610633-518","Aces":[{"PrincipalSID":"S-1-5-21-3263319754-340321035-553610633-512","PrincipalType":"Group","RightName":"Owner","AceType":"","IsInherited":false},{"PrincipalSID":"WINDOMAIN.LOCAL-S-1-5-32-544","PrincipalType":"Group","RightName":"WriteDacl","AceType":"","IsInherited":false},{"PrincipalSID":"WINDOMAIN.LOCAL-S-1-5-32-544","PrincipalType":"Group","RightName":"WriteOwner","AceType":"","IsInherited":false},{"PrincipalSID":"WINDOMAIN.LOCAL-S-1-5-32-544","PrincipalType":"Group","RightName":"GenericWrite","AceType":"","IsInherited":false},{"PrincipalSID":"S-1-5-21-3263319754-340321035-553610633-512","PrincipalType":"Group","RightName":"WriteDacl","AceType":"","IsInherited":false},{"PrincipalSID":"S-1-5-21-3263319754-340321035-553610633-512","PrincipalType":"Group","RightName":"WriteOwner","AceType":"","IsInherited":false},{"PrincipalSID":"S-1-5-21-3263319754-340321035-553610633-512","PrincipalType":"Group","RightName":"GenericWrite","AceType":"","IsInherited":false},{"PrincipalSID":"S-1-5-21-3263319754-340321035-553610633-519","PrincipalType":"Group","RightName":"WriteDacl","AceType":"","IsInherited":false},{"PrincipalSID":"S-1-5-21-3263319754-340321035-553610633-519","PrincipalType":"Group","RightName":"WriteOwner","AceType":"","IsInherited":false},{"PrincipalSID":"S-1-5-21-3263319754-340321035-553610633-519","PrincipalType":"Group","RightName":"GenericWrite","AceType":"","IsInherited":false}]},{"Properties":{"highvalue":true,"name":"ENTERPRISE ADMINS@WINDOMAIN.LOCAL","domain":"WINDOMAIN.LOCAL","objectid":"S-1-5-21-3263319754-340321035-553610633-519","distinguishedname":"CN=Enterprise Admins,CN=Users,DC=windomain,DC=local","description":"Designated administrators of the enterprise","admincount":true},"Members":[{"MemberId":"S-1-5-21-3263319754-340321035-553610633-500","MemberType":"User"}],"ObjectIdentifier":"S-1-5-21-3263319754-340321035-553610633-519","Aces":[{"PrincipalSID":"S-1-5-21-3263319754-340321035-553610633-512","PrincipalType":"Group","RightName":"Owner","AceType":"","IsInherited":false},{"PrincipalSID":"WINDOMAIN.LOCAL-S-1-5-32-544","PrincipalType":"Group","RightName":"WriteDacl","AceType":"","IsInherited":false},{"PrincipalSID":"WINDOMAIN.LOCAL-S-1-5-32-544","PrincipalType":"Group","RightName":"WriteOwner","AceType":"","IsInherited":false},{"PrincipalSID":"WINDOMAIN.LOCAL-S-1-5-32-544","PrincipalType":"Group","RightName":"GenericWrite","AceType":"","IsInherited":false},{"PrincipalSID":"S-1-5-21-3263319754-340321035-553610633-512","PrincipalType":"Group","RightName":"WriteDacl","AceType":"","IsInherited":false},{"PrincipalSID":"S-1-5-21-3263319754-340321035-553610633-512","PrincipalType":"Group","RightName":"WriteOwner","AceType":"","IsInherited":false},{"PrincipalSID":"S-1-5-21-3263319754-340321035-553610633-512","PrincipalType":"Group","RightName":"GenericWrite","AceType":"","IsInherited":false},{"PrincipalSID":"S-1-5-21-3263319754-340321035-553610633-519","PrincipalType":"Group","RightName":"WriteDacl","AceType":"","IsInherited":false},{"PrincipalSID":"S-1-5-21-3263319754-340321035-553610633-519","PrincipalType":"Group","RightName":"WriteOwner","AceType":"","IsInherited":false},{"PrincipalSID":"S-1-5-21-3263319754-340321035-553610633-519","PrincipalType":"Group","RightName":"GenericWrite","AceType":"","IsInherited":false}]},{"Properties":{"highvalue":true,"name":"DOMAIN ADMINS@WINDOMAIN.LOCAL","domain":"WINDOMAIN.LOCAL","objectid":"S-1-5-21-3263319754-340321035-553610633-512","distinguishedname":"CN=Domain Admins,CN=Users,DC=windomain,DC=local","description":"Designated administrators of the domain","admincount":true},"Members":[{"MemberId":"S-1-5-21-3263319754-340321035-553610633-2611","MemberType":"User"},{"MemberId":"S-1-5-21-3263319754-340321035-553610633-2610","MemberType":"User"},{"MemberId":"S-1-5-21-3263319754-340321035-553610633-1289","MemberType":"User"},{"MemberId":"S-1-5-21-3263319754-340321035-553610633-1265","MemberType":"User"},{"MemberId":"S-1-5-21-3263319754-340321035-553610633-1211","MemberType":"User"},{"MemberId":"S-1-5-21-3263319754-340321035-553610633-1182","MemberType":"User"},{"MemberId":"S-1-5-21-3263319754-340321035-553610633-500","MemberType":"User"}],"ObjectIdentifier":"S-1-5-21-3263319754-340321035-553610633-512","Aces":[{"PrincipalSID":"S-1-5-21-3263319754-340321035-553610633-512","PrincipalType":"Group","RightName":"Owner","AceType":"","IsInherited":false},{"PrincipalSID":"WINDOMAIN.LOCAL-S-1-5-32-544","PrincipalType":"Group","RightName":"WriteDacl","AceType":"","IsInherited":false},{"PrincipalSID":"WINDOMAIN.LOCAL-S-1-5-32-544","PrincipalType":"Group","RightName":"WriteOwner","AceType":"","IsInherited":false},{"PrincipalSID":"WINDOMAIN.LOCAL-S-1-5-32-544","PrincipalType":"Group","RightName":"GenericWrite","AceType":"","IsInherited":false},{"PrincipalSID":"S-1-5-21-3263319754-340321035-553610633-512","PrincipalType":"Group","RightName":"WriteDacl","AceType":"","IsInherited":false},{"PrincipalSID":"S-1-5-21-3263319754-340321035-553610633-512","PrincipalType":"Group","RightName":"WriteOwner","AceType":"","IsInherited":false},{"PrincipalSID":"S-1-5-21-3263319754-340321035-553610633-512","PrincipalType":"Group","RightName":"GenericWrite","AceType":"","IsInherited":false},{"PrincipalSID":"S-1-5-21-3263319754-340321035-553610633-519","PrincipalType":"Group","RightName":"WriteDacl","AceType":"","IsInherited":false},{"PrincipalSID":"S-1-5-21-3263319754-340321035-553610633-519","PrincipalType":"Group","RightName":"WriteOwner","AceType":"","IsInherited":false},{"PrincipalSID":"S-1-5-21-3263319754-340321035-553610633-519","PrincipalType":"Group","RightName":"GenericWrite","AceType":"","IsInherited":false}]},{"Properties":{"highvalue":false,"name":"ACCESS CONTROL ASSISTANCE OPERATORS@WINDOMAIN.LOCAL","domain":"WINDOMAIN.LOCAL","objectid":"WINDOMAIN.LOCAL-S-1-5-32-579","distinguishedname":"CN=Access Control Assistance Operators,CN=Builtin,DC=windomain,DC=local","description":"Members of this group can remotely query authorization attributes and permissions for resources on this computer.","admincount":false},"Members":[],"ObjectIdentifier":"WINDOMAIN.LOCAL-S-1-5-32-579","Aces":[{"PrincipalSID":"WINDOMAIN.LOCAL-S-1-5-32-544","PrincipalType":"Group","RightName":"Owner","AceType":"","IsInherited":false},{"PrincipalSID":"WINDOMAIN.LOCAL-S-1-5-32-548","PrincipalType":"Group","RightName":"GenericAll","AceType":"","IsInherited":false},{"PrincipalSID":"S-1-5-21-3263319754-340321035-553610633-512","PrincipalType":"Group","RightName":"GenericAll","AceType":"","IsInherited":false},{"PrincipalSID":"S-1-5-21-3263319754-340321035-553610633-519","PrincipalType":"Group","RightName":"GenericAll","AceType":"","IsInherited":true},{"PrincipalSID":"WINDOMAIN.LOCAL-S-1-5-32-544","PrincipalType":"Group","RightName":"WriteDacl","AceType":"","IsInherited":true},{"PrincipalSID":"WINDOMAIN.LOCAL-S-1-5-32-544","PrincipalType":"Group","RightName":"WriteOwner","AceType":"","IsInherited":true},{"PrincipalSID":"WINDOMAIN.LOCAL-S-1-5-32-544","PrincipalType":"Group","RightName":"GenericWrite","AceType":"","IsInherited":true},{"PrincipalSID":"S-1-5-21-3263319754-340321035-553610633-1603","PrincipalType":"Computer","RightName":"WriteProperty","AceType":"AddMember","IsInherited":true}]},{"Properties":{"highvalue":true,"name":"ACCOUNT OPERATORS@WINDOMAIN.LOCAL","domain":"WINDOMAIN.LOCAL","objectid":"WINDOMAIN.LOCAL-S-1-5-32-548","distinguishedname":"CN=Account Operators,CN=Builtin,DC=windomain,DC=local","description":"Members can administer domain user and group accounts","admincount":true},"Members":[],"ObjectIdentifier":"WINDOMAIN.LOCAL-S-1-5-32-548","Aces":[{"PrincipalSID":"S-1-5-21-3263319754-340321035-553610633-512","PrincipalType":"Group","RightName":"Owner","AceType":"","IsInherited":false},{"PrincipalSID":"WINDOMAIN.LOCAL-S-1-5-32-544","PrincipalType":"Group","RightName":"WriteDacl","AceType":"","IsInherited":false},{"PrincipalSID":"WINDOMAIN.LOCAL-S-1-5-32-544","PrincipalType":"Group","RightName":"WriteOwner","AceType":"","IsInherited":false},{"PrincipalSID":"WINDOMAIN.LOCAL-S-1-5-32-544","PrincipalType":"Group","RightName":"GenericWrite","AceType":"","IsInherited":false},{"PrincipalSID":"S-1-5-21-3263319754-340321035-553610633-512","PrincipalType":"Group","RightName":"WriteDacl","AceType":"","IsInherited":false},{"PrincipalSID":"S-1-5-21-3263319754-340321035-553610633-512","PrincipalType":"Group","RightName":"WriteOwner","AceType":"","IsInherited":false},{"PrincipalSID":"S-1-5-21-3263319754-340321035-553610633-512","PrincipalType":"Group","RightName":"GenericWrite","AceType":"","IsInherited":false},{"PrincipalSID":"S-1-5-21-3263319754-340321035-553610633-519","PrincipalType":"Group","RightName":"WriteDacl","AceType":"","IsInherited":false},{"PrincipalSID":"S-1-5-21-3263319754-340321035-553610633-519","PrincipalType":"Group","RightName":"WriteOwner","AceType":"","IsInherited":false},{"PrincipalSID":"S-1-5-21-3263319754-340321035-553610633-519","PrincipalType":"Group","RightName":"GenericWrite","AceType":"","IsInherited":false}]},{"Properties":{"highvalue":false,"name":"RAS AND IAS SERVERS@WINDOMAIN.LOCAL","domain":"WINDOMAIN.LOCAL","objectid":"S-1-5-21-3263319754-340321035-553610633-553","distinguishedname":"CN=RAS and IAS Servers,CN=Users,DC=windomain,DC=local","description":"Servers in this group can access remote access properties of users","admincount":false},"Members":[],"ObjectIdentifier":"S-1-5-21-3263319754-340321035-553610633-553","Aces":[{"PrincipalSID":"S-1-5-21-3263319754-340321035-553610633-512","PrincipalType":"Group","RightName":"Owner","AceType":"","IsInherited":false},{"PrincipalSID":"WINDOMAIN.LOCAL-S-1-5-32-548","PrincipalType":"Group","RightName":"GenericAll","AceType":"","IsInherited":false},{"PrincipalSID":"S-1-5-21-3263319754-340321035-553610633-512","PrincipalType":"Group","RightName":"GenericAll","AceType":"","IsInherited":false},{"PrincipalSID":"S-1-5-21-3263319754-340321035-553610633-1603","PrincipalType":"Computer","RightName":"WriteProperty","AceType":"AddMember","IsInherited":true},{"PrincipalSID":"S-1-5-21-3263319754-340321035-553610633-519","PrincipalType":"Group","RightName":"GenericAll","AceType":"","IsInherited":true},{"PrincipalSID":"WINDOMAIN.LOCAL-S-1-5-32-544","PrincipalType":"Group","RightName":"WriteDacl","AceType":"","IsInherited":true},{"PrincipalSID":"WINDOMAIN.LOCAL-S-1-5-32-544","PrincipalType":"Group","RightName":"WriteOwner","AceType":"","IsInherited":true},{"PrincipalSID":"WINDOMAIN.LOCAL-S-1-5-32-544","PrincipalType":"Group","RightName":"GenericWrite","AceType":"","IsInherited":true}]},{"Properties":{"highvalue":false,"name":"INCOMING FOREST TRUST BUILDERS@WINDOMAIN.LOCAL","domain":"WINDOMAIN.LOCAL","objectid":"WINDOMAIN.LOCAL-S-1-5-32-557","distinguishedname":"CN=Incoming Forest Trust Builders,CN=Builtin,DC=windomain,DC=local","description":"Members of this group can create incoming, one-way trusts to this forest","admincount":false},"Members":[],"ObjectIdentifier":"WINDOMAIN.LOCAL-S-1-5-32-557","Aces":[{"PrincipalSID":"S-1-5-21-3263319754-340321035-553610633-512","PrincipalType":"Group","RightName":"Owner","AceType":"","IsInherited":false},{"PrincipalSID":"WINDOMAIN.LOCAL-S-1-5-32-548","PrincipalType":"Group","RightName":"GenericAll","AceType":"","IsInherited":false},{"PrincipalSID":"S-1-5-21-3263319754-340321035-553610633-512","PrincipalType":"Group","RightName":"GenericAll","AceType":"","IsInherited":false},{"PrincipalSID":"S-1-5-21-3263319754-340321035-553610633-519","PrincipalType":"Group","RightName":"GenericAll","AceType":"","IsInherited":true},{"PrincipalSID":"WINDOMAIN.LOCAL-S-1-5-32-544","PrincipalType":"Group","RightName":"WriteDacl","AceType":"","IsInherited":true},{"PrincipalSID":"WINDOMAIN.LOCAL-S-1-5-32-544","PrincipalType":"Group","RightName":"WriteOwner","AceType":"","IsInherited":true},{"PrincipalSID":"WINDOMAIN.LOCAL-S-1-5-32-544","PrincipalType":"Group","RightName":"GenericWrite","AceType":"","IsInherited":true},{"PrincipalSID":"S-1-5-21-3263319754-340321035-553610633-1603","PrincipalType":"Computer","RightName":"WriteProperty","AceType":"AddMember","IsInherited":true}]},{"Properties":{"highvalue":false,"name":"TERMINAL SERVER LICENSE SERVERS@WINDOMAIN.LOCAL","domain":"WINDOMAIN.LOCAL","objectid":"WINDOMAIN.LOCAL-S-1-5-32-561","distinguishedname":"CN=Terminal Server License Servers,CN=Builtin,DC=windomain,DC=local","description":"Members of this group can update user accounts in Active Directory with information about license issuance, for the purpose of tracking and reporting TS Per User CAL usage","admincount":false},"Members":[],"ObjectIdentifier":"WINDOMAIN.LOCAL-S-1-5-32-561","Aces":[{"PrincipalSID":"S-1-5-21-3263319754-340321035-553610633-512","PrincipalType":"Group","RightName":"Owner","AceType":"","IsInherited":false},{"PrincipalSID":"WINDOMAIN.LOCAL-S-1-5-32-548","PrincipalType":"Group","RightName":"GenericAll","AceType":"","IsInherited":false},{"PrincipalSID":"S-1-5-21-3263319754-340321035-553610633-512","PrincipalType":"Group","RightName":"GenericAll","AceType":"","IsInherited":false},{"PrincipalSID":"S-1-5-21-3263319754-340321035-553610633-519","PrincipalType":"Group","RightName":"GenericAll","AceType":"","IsInherited":true},{"PrincipalSID":"WINDOMAIN.LOCAL-S-1-5-32-544","PrincipalType":"Group","RightName":"WriteDacl","AceType":"","IsInherited":true},{"PrincipalSID":"WINDOMAIN.LOCAL-S-1-5-32-544","PrincipalType":"Group","RightName":"WriteOwner","AceType":"","IsInherited":true},{"PrincipalSID":"WINDOMAIN.LOCAL-S-1-5-32-544","PrincipalType":"Group","RightName":"GenericWrite","AceType":"","IsInherited":true},{"PrincipalSID":"S-1-5-21-3263319754-340321035-553610633-1603","PrincipalType":"Computer","RightName":"WriteProperty","AceType":"AddMember","IsInherited":true}]},{"Properties":{"highvalue":false,"name":"ALLOWED RODC PASSWORD REPLICATION GROUP@WINDOMAIN.LOCAL","domain":"WINDOMAIN.LOCAL","objectid":"S-1-5-21-3263319754-340321035-553610633-571","distinguishedname":"CN=Allowed RODC Password Replication Group,CN=Users,DC=windomain,DC=local","description":"Members in this group can have their passwords replicated to all read-only domain controllers in the domain","admincount":false},"Members":[],"ObjectIdentifier":"S-1-5-21-3263319754-340321035-553610633-571","Aces":[{"PrincipalSID":"S-1-5-21-3263319754-340321035-553610633-512","PrincipalType":"Group","RightName":"Owner","AceType":"","IsInherited":false},{"PrincipalSID":"WINDOMAIN.LOCAL-S-1-5-32-548","PrincipalType":"Group","RightName":"GenericAll","AceType":"","IsInherited":false},{"PrincipalSID":"S-1-5-21-3263319754-340321035-553610633-512","PrincipalType":"Group","RightName":"GenericAll","AceType":"","IsInherited":false},{"PrincipalSID":"S-1-5-21-3263319754-340321035-553610633-1603","PrincipalType":"Computer","RightName":"WriteProperty","AceType":"AddMember","IsInherited":true},{"PrincipalSID":"S-1-5-21-3263319754-340321035-553610633-519","PrincipalType":"Group","RightName":"GenericAll","AceType":"","IsInherited":true},{"PrincipalSID":"WINDOMAIN.LOCAL-S-1-5-32-544","PrincipalType":"Group","RightName":"WriteDacl","AceType":"","IsInherited":true},{"PrincipalSID":"WINDOMAIN.LOCAL-S-1-5-32-544","PrincipalType":"Group","RightName":"WriteOwner","AceType":"","IsInherited":true},{"PrincipalSID":"WINDOMAIN.LOCAL-S-1-5-32-544","PrincipalType":"Group","RightName":"GenericWrite","AceType":"","IsInherited":true}]},{"Properties":{"highvalue":true,"name":"DOMAIN CONTROLLERS@WINDOMAIN.LOCAL","domain":"WINDOMAIN.LOCAL","objectid":"S-1-5-21-3263319754-340321035-553610633-516","distinguishedname":"CN=Domain Controllers,CN=Users,DC=windomain,DC=local","description":"All domain controllers in the domain","admincount":true},"Members":[],"ObjectIdentifier":"S-1-5-21-3263319754-340321035-553610633-516","Aces":[{"PrincipalSID":"S-1-5-21-3263319754-340321035-553610633-512","PrincipalType":"Group","RightName":"Owner","AceType":"","IsInherited":false},{"PrincipalSID":"WINDOMAIN.LOCAL-S-1-5-32-544","PrincipalType":"Group","RightName":"WriteDacl","AceType":"","IsInherited":false},{"PrincipalSID":"WINDOMAIN.LOCAL-S-1-5-32-544","PrincipalType":"Group","RightName":"WriteOwner","AceType":"","IsInherited":false},{"PrincipalSID":"WINDOMAIN.LOCAL-S-1-5-32-544","PrincipalType":"Group","RightName":"GenericWrite","AceType":"","IsInherited":false},{"PrincipalSID":"S-1-5-21-3263319754-340321035-553610633-512","PrincipalType":"Group","RightName":"WriteDacl","AceType":"","IsInherited":false},{"PrincipalSID":"S-1-5-21-3263319754-340321035-553610633-512","PrincipalType":"Group","RightName":"WriteOwner","AceType":"","IsInherited":false},{"PrincipalSID":"S-1-5-21-3263319754-340321035-553610633-512","PrincipalType":"Group","RightName":"GenericWrite","AceType":"","IsInherited":false},{"PrincipalSID":"S-1-5-21-3263319754-340321035-553610633-519","PrincipalType":"Group","RightName":"WriteDacl","AceType":"","IsInherited":false},{"PrincipalSID":"S-1-5-21-3263319754-340321035-553610633-519","PrincipalType":"Group","RightName":"WriteOwner","AceType":"","IsInherited":false},{"PrincipalSID":"S-1-5-21-3263319754-340321035-553610633-519","PrincipalType":"Group","RightName":"GenericWrite","AceType":"","IsInherited":false}]},{"Properties":{"highvalue":false,"name":"DOMAIN COMPUTERS@WINDOMAIN.LOCAL","domain":"WINDOMAIN.LOCAL","objectid":"S-1-5-21-3263319754-340321035-553610633-515","distinguishedname":"CN=Domain Computers,CN=Users,DC=windomain,DC=local","description":"All workstations and servers joined to the domain","admincount":false},"Members":[],"ObjectIdentifier":"S-1-5-21-3263319754-340321035-553610633-515","Aces":[{"PrincipalSID":"S-1-5-21-3263319754-340321035-553610633-512","PrincipalType":"Group","RightName":"Owner","AceType":"","IsInherited":false},{"PrincipalSID":"WINDOMAIN.LOCAL-S-1-5-32-548","PrincipalType":"Group","RightName":"GenericAll","AceType":"","IsInherited":false},{"PrincipalSID":"S-1-5-21-3263319754-340321035-553610633-512","PrincipalType":"Group","RightName":"GenericAll","AceType":"","IsInherited":false},{"PrincipalSID":"S-1-5-21-3263319754-340321035-553610633-1603","PrincipalType":"Computer","RightName":"WriteProperty","AceType":"AddMember","IsInherited":true},{"PrincipalSID":"S-1-5-21-3263319754-340321035-553610633-519","PrincipalType":"Group","RightName":"GenericAll","AceType":"","IsInherited":true},{"PrincipalSID":"WINDOMAIN.LOCAL-S-1-5-32-544","PrincipalType":"Group","RightName":"WriteDacl","AceType":"","IsInherited":true},{"PrincipalSID":"WINDOMAIN.LOCAL-S-1-5-32-544","PrincipalType":"Group","RightName":"WriteOwner","AceType":"","IsInherited":true},{"PrincipalSID":"WINDOMAIN.LOCAL-S-1-5-32-544","PrincipalType":"Group","RightName":"GenericWrite","AceType":"","IsInherited":true}]},{"Properties":{"highvalue":false,"name":"DOMAIN USERS@WINDOMAIN.LOCAL","domain":"WINDOMAIN.LOCAL","objectid":"S-1-5-21-3263319754-340321035-553610633-513","distinguishedname":"CN=Domain Users,CN=Users,DC=windomain,DC=local","description":"All domain users","admincount":false},"Members":[],"ObjectIdentifier":"S-1-5-21-3263319754-340321035-553610633-513","Aces":[{"PrincipalSID":"S-1-5-21-3263319754-340321035-553610633-512","PrincipalType":"Group","RightName":"Owner","AceType":"","IsInherited":false},{"PrincipalSID":"WINDOMAIN.LOCAL-S-1-5-32-548","PrincipalType":"Group","RightName":"GenericAll","AceType":"","IsInherited":false},{"PrincipalSID":"S-1-5-21-3263319754-340321035-553610633-512","PrincipalType":"Group","RightName":"GenericAll","AceType":"","IsInherited":false},{"PrincipalSID":"S-1-5-21-3263319754-340321035-553610633-1603","PrincipalType":"Computer","RightName":"WriteProperty","AceType":"AddMember","IsInherited":true},{"PrincipalSID":"S-1-5-21-3263319754-340321035-553610633-519","PrincipalType":"Group","RightName":"GenericAll","AceType":"","IsInherited":true},{"PrincipalSID":"WINDOMAIN.LOCAL-S-1-5-32-544","PrincipalType":"Group","RightName":"WriteDacl","AceType":"","IsInherited":true},{"PrincipalSID":"WINDOMAIN.LOCAL-S-1-5-32-544","PrincipalType":"Group","RightName":"WriteOwner","AceType":"","IsInherited":true},{"PrincipalSID":"WINDOMAIN.LOCAL-S-1-5-32-544","PrincipalType":"Group","RightName":"GenericWrite","AceType":"","IsInherited":true}]},{"Properties":{"highvalue":false,"name":"DOMAIN GUESTS@WINDOMAIN.LOCAL","domain":"WINDOMAIN.LOCAL","objectid":"S-1-5-21-3263319754-340321035-553610633-514","distinguishedname":"CN=Domain Guests,CN=Users,DC=windomain,DC=local","description":"All domain guests","admincount":false},"Members":[],"ObjectIdentifier":"S-1-5-21-3263319754-340321035-553610633-514","Aces":[{"PrincipalSID":"S-1-5-21-3263319754-340321035-553610633-512","PrincipalType":"Group","RightName":"Owner","AceType":"","IsInherited":false},{"PrincipalSID":"WINDOMAIN.LOCAL-S-1-5-32-548","PrincipalType":"Group","RightName":"GenericAll","AceType":"","IsInherited":false},{"PrincipalSID":"S-1-5-21-3263319754-340321035-553610633-512","PrincipalType":"Group","RightName":"GenericAll","AceType":"","IsInherited":false},{"PrincipalSID":"S-1-5-21-3263319754-340321035-553610633-1603","PrincipalType":"Computer","RightName":"WriteProperty","AceType":"AddMember","IsInherited":true},{"PrincipalSID":"S-1-5-21-3263319754-340321035-553610633-519","PrincipalType":"Group","RightName":"GenericAll","AceType":"","IsInherited":true},{"PrincipalSID":"WINDOMAIN.LOCAL-S-1-5-32-544","PrincipalType":"Group","RightName":"WriteDacl","AceType":"","IsInherited":true},{"PrincipalSID":"WINDOMAIN.LOCAL-S-1-5-32-544","PrincipalType":"Group","RightName":"WriteOwner","AceType":"","IsInherited":true},{"PrincipalSID":"WINDOMAIN.LOCAL-S-1-5-32-544","PrincipalType":"Group","RightName":"GenericWrite","AceType":"","IsInherited":true}]},{"Properties":{"highvalue":true,"name":"GROUP POLICY CREATOR OWNERS@WINDOMAIN.LOCAL","domain":"WINDOMAIN.LOCAL","objectid":"S-1-5-21-3263319754-340321035-553610633-520","distinguishedname":"CN=Group Policy Creator Owners,CN=Users,DC=windomain,DC=local","description":"Members in this group can modify group policy for the domain","admincount":false},"Members":[{"MemberId":"S-1-5-21-3263319754-340321035-553610633-500","MemberType":"User"}],"ObjectIdentifier":"S-1-5-21-3263319754-340321035-553610633-520","Aces":[{"PrincipalSID":"S-1-5-21-3263319754-340321035-553610633-512","PrincipalType":"Group","RightName":"Owner","AceType":"","IsInherited":false},{"PrincipalSID":"WINDOMAIN.LOCAL-S-1-5-32-548","PrincipalType":"Group","RightName":"GenericAll","AceType":"","IsInherited":false},{"PrincipalSID":"S-1-5-21-3263319754-340321035-553610633-512","PrincipalType":"Group","RightName":"GenericAll","AceType":"","IsInherited":false},{"PrincipalSID":"S-1-5-21-3263319754-340321035-553610633-1603","PrincipalType":"Computer","RightName":"WriteProperty","AceType":"AddMember","IsInherited":true},{"PrincipalSID":"S-1-5-21-3263319754-340321035-553610633-519","PrincipalType":"Group","RightName":"GenericAll","AceType":"","IsInherited":true},{"PrincipalSID":"WINDOMAIN.LOCAL-S-1-5-32-544","PrincipalType":"Group","RightName":"WriteDacl","AceType":"","IsInherited":true},{"PrincipalSID":"WINDOMAIN.LOCAL-S-1-5-32-544","PrincipalType":"Group","RightName":"WriteOwner","AceType":"","IsInherited":true},{"PrincipalSID":"WINDOMAIN.LOCAL-S-1-5-32-544","PrincipalType":"Group","RightName":"GenericWrite","AceType":"","IsInherited":true}]},{"Properties":{"highvalue":false,"name":"FOREST ADMINS@WINDOMAIN.LOCAL","domain":"WINDOMAIN.LOCAL","objectid":"S-1-5-21-3263319754-340321035-553610633-2614","distinguishedname":"CN=Forest Admins,CN=Users,DC=windomain,DC=local","description":null,"admincount":false},"Members":[{"MemberId":"S-1-5-21-3263319754-340321035-553610633-2609","MemberType":"User"}],"ObjectIdentifier":"S-1-5-21-3263319754-340321035-553610633-2614","Aces":[{"PrincipalSID":"S-1-5-21-3263319754-340321035-553610633-512","PrincipalType":"Group","RightName":"Owner","AceType":"","IsInherited":false},{"PrincipalSID":"WINDOMAIN.LOCAL-S-1-5-32-548","PrincipalType":"Group","RightName":"GenericAll","AceType":"","IsInherited":false},{"PrincipalSID":"S-1-5-21-3263319754-340321035-553610633-512","PrincipalType":"Group","RightName":"GenericAll","AceType":"","IsInherited":false},{"PrincipalSID":"S-1-5-21-3263319754-340321035-553610633-1603","PrincipalType":"Computer","RightName":"WriteProperty","AceType":"AddMember","IsInherited":true},{"PrincipalSID":"S-1-5-21-3263319754-340321035-553610633-519","PrincipalType":"Group","RightName":"GenericAll","AceType":"","IsInherited":true},{"PrincipalSID":"WINDOMAIN.LOCAL-S-1-5-32-544","PrincipalType":"Group","RightName":"WriteDacl","AceType":"","IsInherited":true},{"PrincipalSID":"WINDOMAIN.LOCAL-S-1-5-32-544","PrincipalType":"Group","RightName":"WriteOwner","AceType":"","IsInherited":true},{"PrincipalSID":"WINDOMAIN.LOCAL-S-1-5-32-544","PrincipalType":"Group","RightName":"GenericWrite","AceType":"","IsInherited":true}]},{"Properties":{"highvalue":false,"name":"USERS@WINDOMAIN.LOCAL","domain":"WINDOMAIN.LOCAL","objectid":"WINDOMAIN.LOCAL-S-1-5-32-545","distinguishedname":"CN=Users,CN=Builtin,DC=windomain,DC=local","description":"Users are prevented from making accidental or intentional system-wide changes and can run most applications","admincount":false},"Members":[{"MemberId":"S-1-5-21-3263319754-340321035-553610633-513","MemberType":"Group"},{"MemberId":"WINDOMAIN.LOCAL-S-1-5-11","MemberType":"Group"},{"MemberId":"WINDOMAIN.LOCAL-S-1-5-4","MemberType":"Group"}],"ObjectIdentifier":"WINDOMAIN.LOCAL-S-1-5-32-545","Aces":[{"PrincipalSID":"WINDOMAIN.LOCAL-S-1-5-32-544","PrincipalType":"Group","RightName":"Owner","AceType":"","IsInherited":false},{"PrincipalSID":"WINDOMAIN.LOCAL-S-1-5-32-548","PrincipalType":"Group","RightName":"GenericAll","AceType":"","IsInherited":false},{"PrincipalSID":"S-1-5-21-3263319754-340321035-553610633-512","PrincipalType":"Group","RightName":"GenericAll","AceType":"","IsInherited":false},{"PrincipalSID":"S-1-5-21-3263319754-340321035-553610633-519","PrincipalType":"Group","RightName":"GenericAll","AceType":"","IsInherited":true},{"PrincipalSID":"WINDOMAIN.LOCAL-S-1-5-32-544","PrincipalType":"Group","RightName":"WriteDacl","AceType":"","IsInherited":true},{"PrincipalSID":"WINDOMAIN.LOCAL-S-1-5-32-544","PrincipalType":"Group","RightName":"WriteOwner","AceType":"","IsInherited":true},{"PrincipalSID":"WINDOMAIN.LOCAL-S-1-5-32-544","PrincipalType":"Group","RightName":"GenericWrite","AceType":"","IsInherited":true},{"PrincipalSID":"S-1-5-21-3263319754-340321035-553610633-1603","PrincipalType":"Computer","RightName":"WriteProperty","AceType":"AddMember","IsInherited":true}]},{"Properties":{"highvalue":false,"name":"READ-ONLY DOMAIN CONTROLLERS@WINDOMAIN.LOCAL","domain":"WINDOMAIN.LOCAL","objectid":"S-1-5-21-3263319754-340321035-553610633-521","distinguishedname":"CN=Read-only Domain Controllers,CN=Users,DC=windomain,DC=local","description":"Members of this group are Read-Only Domain Controllers in the domain","admincount":true},"Members":[],"ObjectIdentifier":"S-1-5-21-3263319754-340321035-553610633-521","Aces":[{"PrincipalSID":"S-1-5-21-3263319754-340321035-553610633-512","PrincipalType":"Group","RightName":"Owner","AceType":"","IsInherited":false},{"PrincipalSID":"WINDOMAIN.LOCAL-S-1-5-32-544","PrincipalType":"Group","RightName":"WriteDacl","AceType":"","IsInherited":false},{"PrincipalSID":"WINDOMAIN.LOCAL-S-1-5-32-544","PrincipalType":"Group","RightName":"WriteOwner","AceType":"","IsInherited":false},{"PrincipalSID":"WINDOMAIN.LOCAL-S-1-5-32-544","PrincipalType":"Group","RightName":"GenericWrite","AceType":"","IsInherited":false},{"PrincipalSID":"S-1-5-21-3263319754-340321035-553610633-512","PrincipalType":"Group","RightName":"WriteDacl","AceType":"","IsInherited":false},{"PrincipalSID":"S-1-5-21-3263319754-340321035-553610633-512","PrincipalType":"Group","RightName":"WriteOwner","AceType":"","IsInherited":false},{"PrincipalSID":"S-1-5-21-3263319754-340321035-553610633-512","PrincipalType":"Group","RightName":"GenericWrite","AceType":"","IsInherited":false},{"PrincipalSID":"S-1-5-21-3263319754-340321035-553610633-519","PrincipalType":"Group","RightName":"WriteDacl","AceType":"","IsInherited":false},{"PrincipalSID":"S-1-5-21-3263319754-340321035-553610633-519","PrincipalType":"Group","RightName":"WriteOwner","AceType":"","IsInherited":false},{"PrincipalSID":"S-1-5-21-3263319754-340321035-553610633-519","PrincipalType":"Group","RightName":"GenericWrite","AceType":"","IsInherited":false}]},{"Properties":{"highvalue":false,"name":"CLONEABLE DOMAIN CONTROLLERS@WINDOMAIN.LOCAL","domain":"WINDOMAIN.LOCAL","objectid":"S-1-5-21-3263319754-340321035-553610633-522","distinguishedname":"CN=Cloneable Domain Controllers,CN=Users,DC=windomain,DC=local","description":"Members of this group that are domain controllers may be cloned.","admincount":false},"Members":[],"ObjectIdentifier":"S-1-5-21-3263319754-340321035-553610633-522","Aces":[{"PrincipalSID":"S-1-5-21-3263319754-340321035-553610633-512","PrincipalType":"Group","RightName":"Owner","AceType":"","IsInherited":false},{"PrincipalSID":"WINDOMAIN.LOCAL-S-1-5-32-548","PrincipalType":"Group","RightName":"GenericAll","AceType":"","IsInherited":false},{"PrincipalSID":"S-1-5-21-3263319754-340321035-553610633-512","PrincipalType":"Group","RightName":"GenericAll","AceType":"","IsInherited":false},{"PrincipalSID":"S-1-5-21-3263319754-340321035-553610633-1603","PrincipalType":"Computer","RightName":"WriteProperty","AceType":"AddMember","IsInherited":true},{"PrincipalSID":"S-1-5-21-3263319754-340321035-553610633-519","PrincipalType":"Group","RightName":"GenericAll","AceType":"","IsInherited":true},{"PrincipalSID":"WINDOMAIN.LOCAL-S-1-5-32-544","PrincipalType":"Group","RightName":"WriteDacl","AceType":"","IsInherited":true},{"PrincipalSID":"WINDOMAIN.LOCAL-S-1-5-32-544","PrincipalType":"Group","RightName":"WriteOwner","AceType":"","IsInherited":true},{"PrincipalSID":"WINDOMAIN.LOCAL-S-1-5-32-544","PrincipalType":"Group","RightName":"GenericWrite","AceType":"","IsInherited":true}]},{"Properties":{"highvalue":false,"name":"ENTERPRISE READ-ONLY DOMAIN CONTROLLERS@WINDOMAIN.LOCAL","domain":"WINDOMAIN.LOCAL","objectid":"S-1-5-21-3263319754-340321035-553610633-498","distinguishedname":"CN=Enterprise Read-only Domain Controllers,CN=Users,DC=windomain,DC=local","description":"Members of this group are Read-Only Domain Controllers in the enterprise","admincount":false},"Members":[],"ObjectIdentifier":"S-1-5-21-3263319754-340321035-553610633-498","Aces":[{"PrincipalSID":"S-1-5-21-3263319754-340321035-553610633-512","PrincipalType":"Group","RightName":"Owner","AceType":"","IsInherited":false},{"PrincipalSID":"WINDOMAIN.LOCAL-S-1-5-32-548","PrincipalType":"Group","RightName":"GenericAll","AceType":"","IsInherited":false},{"PrincipalSID":"S-1-5-21-3263319754-340321035-553610633-512","PrincipalType":"Group","RightName":"GenericAll","AceType":"","IsInherited":false},{"PrincipalSID":"S-1-5-21-3263319754-340321035-553610633-1603","PrincipalType":"Computer","RightName":"WriteProperty","AceType":"AddMember","IsInherited":true},{"PrincipalSID":"S-1-5-21-3263319754-340321035-553610633-519","PrincipalType":"Group","RightName":"GenericAll","AceType":"","IsInherited":true},{"PrincipalSID":"WINDOMAIN.LOCAL-S-1-5-32-544","PrincipalType":"Group","RightName":"WriteDacl","AceType":"","IsInherited":true},{"PrincipalSID":"WINDOMAIN.LOCAL-S-1-5-32-544","PrincipalType":"Group","RightName":"WriteOwner","AceType":"","IsInherited":true},{"PrincipalSID":"WINDOMAIN.LOCAL-S-1-5-32-544","PrincipalType":"Group","RightName":"GenericWrite","AceType":"","IsInherited":true}]},{"Properties":{"highvalue":false,"name":"PROTECTED USERS@WINDOMAIN.LOCAL","domain":"WINDOMAIN.LOCAL","objectid":"S-1-5-21-3263319754-340321035-553610633-525","distinguishedname":"CN=Protected Users,CN=Users,DC=windomain,DC=local","description":"Members of this group are afforded additional protections against authentication security threats. See http://go.microsoft.com/fwlink/?LinkId=298939 for more information.","admincount":false},"Members":[],"ObjectIdentifier":"S-1-5-21-3263319754-340321035-553610633-525","Aces":[{"PrincipalSID":"S-1-5-21-3263319754-340321035-553610633-512","PrincipalType":"Group","RightName":"Owner","AceType":"","IsInherited":false},{"PrincipalSID":"WINDOMAIN.LOCAL-S-1-5-32-548","PrincipalType":"Group","RightName":"GenericAll","AceType":"","IsInherited":false},{"PrincipalSID":"S-1-5-21-3263319754-340321035-553610633-512","PrincipalType":"Group","RightName":"GenericAll","AceType":"","IsInherited":false},{"PrincipalSID":"S-1-5-21-3263319754-340321035-553610633-1603","PrincipalType":"Computer","RightName":"WriteProperty","AceType":"AddMember","IsInherited":true},{"PrincipalSID":"S-1-5-21-3263319754-340321035-553610633-519","PrincipalType":"Group","RightName":"GenericAll","AceType":"","IsInherited":true},{"PrincipalSID":"WINDOMAIN.LOCAL-S-1-5-32-544","PrincipalType":"Group","RightName":"WriteDacl","AceType":"","IsInherited":true},{"PrincipalSID":"WINDOMAIN.LOCAL-S-1-5-32-544","PrincipalType":"Group","RightName":"WriteOwner","AceType":"","IsInherited":true},{"PrincipalSID":"WINDOMAIN.LOCAL-S-1-5-32-544","PrincipalType":"Group","RightName":"GenericWrite","AceType":"","IsInherited":true}]},{"Properties":{"highvalue":false,"name":"KEY ADMINS@WINDOMAIN.LOCAL","domain":"WINDOMAIN.LOCAL","objectid":"S-1-5-21-3263319754-340321035-553610633-526","distinguishedname":"CN=Key Admins,CN=Users,DC=windomain,DC=local","description":"Members of this group can perform administrative actions on key objects within the domain.","admincount":false},"Members":[],"ObjectIdentifier":"S-1-5-21-3263319754-340321035-553610633-526","Aces":[{"PrincipalSID":"S-1-5-21-3263319754-340321035-553610633-512","PrincipalType":"Group","RightName":"Owner","AceType":"","IsInherited":false},{"PrincipalSID":"WINDOMAIN.LOCAL-S-1-5-32-548","PrincipalType":"Group","RightName":"GenericAll","AceType":"","IsInherited":false},{"PrincipalSID":"S-1-5-21-3263319754-340321035-553610633-512","PrincipalType":"Group","RightName":"GenericAll","AceType":"","IsInherited":false},{"PrincipalSID":"S-1-5-21-3263319754-340321035-553610633-1603","PrincipalType":"Computer","RightName":"WriteProperty","AceType":"AddMember","IsInherited":true},{"PrincipalSID":"S-1-5-21-3263319754-340321035-553610633-519","PrincipalType":"Group","RightName":"GenericAll","AceType":"","IsInherited":true},{"PrincipalSID":"WINDOMAIN.LOCAL-S-1-5-32-544","PrincipalType":"Group","RightName":"WriteDacl","AceType":"","IsInherited":true},{"PrincipalSID":"WINDOMAIN.LOCAL-S-1-5-32-544","PrincipalType":"Group","RightName":"WriteOwner","AceType":"","IsInherited":true},{"PrincipalSID":"WINDOMAIN.LOCAL-S-1-5-32-544","PrincipalType":"Group","RightName":"GenericWrite","AceType":"","IsInherited":true}]},{"Properties":{"highvalue":false,"name":"ENTERPRISE KEY ADMINS@WINDOMAIN.LOCAL","domain":"WINDOMAIN.LOCAL","objectid":"S-1-5-21-3263319754-340321035-553610633-527","distinguishedname":"CN=Enterprise Key Admins,CN=Users,DC=windomain,DC=local","description":"Members of this group can perform administrative actions on key objects within the forest.","admincount":false},"Members":[],"ObjectIdentifier":"S-1-5-21-3263319754-340321035-553610633-527","Aces":[{"PrincipalSID":"S-1-5-21-3263319754-340321035-553610633-512","PrincipalType":"Group","RightName":"Owner","AceType":"","IsInherited":false},{"PrincipalSID":"WINDOMAIN.LOCAL-S-1-5-32-548","PrincipalType":"Group","RightName":"GenericAll","AceType":"","IsInherited":false},{"PrincipalSID":"S-1-5-21-3263319754-340321035-553610633-512","PrincipalType":"Group","RightName":"GenericAll","AceType":"","IsInherited":false},{"PrincipalSID":"S-1-5-21-3263319754-340321035-553610633-1603","PrincipalType":"Computer","RightName":"WriteProperty","AceType":"AddMember","IsInherited":true},{"PrincipalSID":"S-1-5-21-3263319754-340321035-553610633-519","PrincipalType":"Group","RightName":"GenericAll","AceType":"","IsInherited":true},{"PrincipalSID":"WINDOMAIN.LOCAL-S-1-5-32-544","PrincipalType":"Group","RightName":"WriteDacl","AceType":"","IsInherited":true},{"PrincipalSID":"WINDOMAIN.LOCAL-S-1-5-32-544","PrincipalType":"Group","RightName":"WriteOwner","AceType":"","IsInherited":true},{"PrincipalSID":"WINDOMAIN.LOCAL-S-1-5-32-544","PrincipalType":"Group","RightName":"GenericWrite","AceType":"","IsInherited":true}]},{"Properties":{"highvalue":false,"name":"DNSUPDATEPROXY@WINDOMAIN.LOCAL","domain":"WINDOMAIN.LOCAL","objectid":"S-1-5-21-3263319754-340321035-553610633-1103","distinguishedname":"CN=DnsUpdateProxy,CN=Users,DC=windomain,DC=local","description":"DNS clients who are permitted to perform dynamic updates on behalf of some other clients (such as DHCP servers).","admincount":false},"Members":[],"ObjectIdentifier":"S-1-5-21-3263319754-340321035-553610633-1103","Aces":[{"PrincipalSID":"WINDOMAIN.LOCAL-S-1-5-32-548","PrincipalType":"Group","RightName":"GenericAll","AceType":"","IsInherited":false},{"PrincipalSID":"S-1-5-21-3263319754-340321035-553610633-512","PrincipalType":"Group","RightName":"GenericAll","AceType":"","IsInherited":false},{"PrincipalSID":"S-1-5-21-3263319754-340321035-553610633-1603","PrincipalType":"Computer","RightName":"WriteProperty","AceType":"AddMember","IsInherited":true},{"PrincipalSID":"S-1-5-21-3263319754-340321035-553610633-519","PrincipalType":"Group","RightName":"GenericAll","AceType":"","IsInherited":true},{"PrincipalSID":"WINDOMAIN.LOCAL-S-1-5-32-544","PrincipalType":"Group","RightName":"WriteDacl","AceType":"","IsInherited":true},{"PrincipalSID":"WINDOMAIN.LOCAL-S-1-5-32-544","PrincipalType":"Group","RightName":"WriteOwner","AceType":"","IsInherited":true},{"PrincipalSID":"WINDOMAIN.LOCAL-S-1-5-32-544","PrincipalType":"Group","RightName":"GenericWrite","AceType":"","IsInherited":true}]},{"Properties":{"name":"ENTERPRISE DOMAIN CONTROLLERS@WINDOMAIN.LOCAL","domain":"WINDOMAIN.LOCAL"},"Members":[{"MemberId":"S-1-5-21-3263319754-340321035-553610633-1001","MemberType":"Computer"}],"ObjectIdentifier":"WINDOMAIN.LOCAL-S-1-5-9","Aces":[]},{"Properties":{"name":"EVERYONE@WINDOMAIN.LOCAL"},"Members":[{"MemberId":"S-1-5-21-3263319754-340321035-553610633-515","MemberType":"Group"},{"MemberId":"S-1-5-21-3263319754-340321035-553610633-513","MemberType":"Group"}],"ObjectIdentifier":"WINDOMAIN.LOCAL-S-1-1-0","Aces":[]},{"Properties":{"name":"AUTHENTICATED USERS@WINDOMAIN.LOCAL"},"Members":[{"MemberId":"S-1-5-21-3263319754-340321035-553610633-515","MemberType":"Group"},{"MemberId":"S-1-5-21-3263319754-340321035-553610633-513","MemberType":"Group"}],"ObjectIdentifier":"WINDOMAIN.LOCAL-S-1-5-11","Aces":[]},{"Properties":{"name":"ADMINISTRATORS@WINDOMAIN.LOCAL","domain":"WINDOMAIN.LOCAL"},"Members":[],"ObjectIdentifier":"WINDOMAIN.LOCAL-S-1-5-32-544","Aces":[]}],"meta":{"count":54,"type":"groups","version":3}}