﻿{"computers":[{"Properties":{"haslaps":false,"highvalue":false,"name":"REVERT-WEB.WINDOMAIN.LOCAL","domain":"WINDOMAIN.LOCAL","objectid":"S-1-5-21-3263319754-340321035-553610633-2612","distinguishedname":"CN=revert-web,CN=Computers,DC=windomain,DC=local","description":null,"enabled":true,"unconstraineddelegation":true,"serviceprincipalnames":[],"lastlogontimestamp":-1,"pwdlastset":1589776760,"operatingsystem":null},"AllowedToDelegate":[],"AllowedToAct":[],"PrimaryGroupSid":"S-1-5-21-3263319754-340321035-553610633-515","Sessions":[],"LocalAdmins":[],"RemoteDesktopUsers":[],"DcomUsers":[],"PSRemoteUsers":[],"ObjectIdentifier":"S-1-5-21-3263319754-340321035-553610633-2612","Aces":[{"PrincipalSID":"S-1-5-21-3263319754-340321035-553610633-512","PrincipalType":"Group","RightName":"Owner","AceType":"","IsInherited":false},{"PrincipalSID":"WINDOMAIN.LOCAL-S-1-5-32-548","PrincipalType":"Group","RightName":"GenericAll","AceType":"","IsInherited":false},{"PrincipalSID":"S-1-5-21-3263319754-340321035-553610633-512","PrincipalType":"Group","RightName":"GenericAll","AceType":"","IsInherited":false},{"PrincipalSID":"S-1-5-21-3263319754-340321035-553610633-519","PrincipalType":"Group","RightName":"GenericAll","AceType":"","IsInherited":true},{"PrincipalSID":"WINDOMAIN.LOCAL-S-1-5-32-544","PrincipalType":"Group","RightName":"WriteDacl","AceType":"","IsInherited":true},{"PrincipalSID":"WINDOMAIN.LOCAL-S-1-5-32-544","PrincipalType":"Group","RightName":"WriteOwner","AceType":"","IsInherited":true},{"PrincipalSID":"WINDOMAIN.LOCAL-S-1-5-32-544","PrincipalType":"Group","RightName":"GenericWrite","AceType":"","IsInherited":true}]},{"Properties":{"haslaps":false,"highvalue":false,"name":"COMP1.WINDOMAIN.LOCAL","domain":"WINDOMAIN.LOCAL","objectid":"S-1-5-21-3263319754-340321035-553610633-2613","distinguishedname":"CN=comp1,CN=Computers,DC=windomain,DC=local","description":null,"enabled":true,"unconstraineddelegation":true,"serviceprincipalnames":[],"lastlogontimestamp":-1,"pwdlastset":1589776790,"operatingsystem":"Windows Server 2003"},"AllowedToDelegate":[],"AllowedToAct":[],"PrimaryGroupSid":"S-1-5-21-3263319754-340321035-553610633-515","Sessions":[],"LocalAdmins":[],"RemoteDesktopUsers":[],"DcomUsers":[],"PSRemoteUsers":[],"ObjectIdentifier":"S-1-5-21-3263319754-340321035-553610633-2613","Aces":[{"PrincipalSID":"S-1-5-21-3263319754-340321035-553610633-512","PrincipalType":"Group","RightName":"Owner","AceType":"","IsInherited":false},{"PrincipalSID":"WINDOMAIN.LOCAL-S-1-5-32-548","PrincipalType":"Group","RightName":"GenericAll","AceType":"","IsInherited":false},{"PrincipalSID":"S-1-5-21-3263319754-340321035-553610633-512","PrincipalType":"Group","RightName":"GenericAll","AceType":"","IsInherited":false},{"PrincipalSID":"S-1-5-21-3263319754-340321035-553610633-519","PrincipalType":"Group","RightName":"GenericAll","AceType":"","IsInherited":true},{"PrincipalSID":"WINDOMAIN.LOCAL-S-1-5-32-544","PrincipalType":"Group","RightName":"WriteDacl","AceType":"","IsInherited":true},{"PrincipalSID":"WINDOMAIN.LOCAL-S-1-5-32-544","PrincipalType":"Group","RightName":"WriteOwner","AceType":"","IsInherited":true},{"PrincipalSID":"WINDOMAIN.LOCAL-S-1-5-32-544","PrincipalType":"Group","RightName":"GenericWrite","AceType":"","IsInherited":true}]},{"Properties":{"haslaps":false,"highvalue":false,"name":"DC.WINDOMAIN.LOCAL","domain":"WINDOMAIN.LOCAL","objectid":"S-1-5-21-3263319754-340321035-553610633-1001","distinguishedname":"CN=DC,OU=Domain Controllers,DC=windomain,DC=local","description":null,"enabled":true,"unconstraineddelegation":true,"serviceprincipalnames":["Dfsr-12F9A27C-BF97-4787-9364-D31B6C55EB04/dc.windomain.local","ldap/dc.windomain.local/ForestDnsZones.windomain.local","ldap/dc.windomain.local/DomainDnsZones.windomain.local","TERMSRV/DC","TERMSRV/dc.windomain.local","DNS/dc.windomain.local","GC/dc.windomain.local/windomain.local","RestrictedKrbHost/dc.windomain.local","RestrictedKrbHost/DC","RPC/6b3a33b5-566d-4adc-9623-217474c57564._msdcs.windomain.local","HOST/DC/WINDOMAIN","HOST/dc.windomain.local/WINDOMAIN","HOST/DC","HOST/dc.windomain.local","HOST/dc.windomain.local/windomain.local","E3514235-4B06-11D1-AB04-00C04FC2DCD2/6b3a33b5-566d-4adc-9623-217474c57564/windomain.local","ldap/DC/WINDOMAIN","ldap/6b3a33b5-566d-4adc-9623-217474c57564._msdcs.windomain.local","ldap/dc.windomain.local/WINDOMAIN","ldap/DC","ldap/dc.windomain.local","ldap/dc.windomain.local/windomain.local"],"lastlogontimestamp":1588829819,"pwdlastset":1587890623,"operatingsystem":"Windows Server 2016 Standard Evaluation"},"AllowedToDelegate":[],"AllowedToAct":[],"PrimaryGroupSid":"S-1-5-21-3263319754-340321035-553610633-516","Sessions":[],"LocalAdmins":[],"RemoteDesktopUsers":[],"DcomUsers":[],"PSRemoteUsers":[],"ObjectIdentifier":"S-1-5-21-3263319754-340321035-553610633-1001","Aces":[{"PrincipalSID":"S-1-5-21-3263319754-340321035-553610633-512","PrincipalType":"Group","RightName":"Owner","AceType":"","IsInherited":false},{"PrincipalSID":"S-1-5-21-3263319754-340321035-553610633-512","PrincipalType":"Group","RightName":"GenericAll","AceType":"","IsInherited":false},{"PrincipalSID":"S-1-5-21-3263319754-340321035-553610633-519","PrincipalType":"Group","RightName":"GenericAll","AceType":"","IsInherited":true},{"PrincipalSID":"WINDOMAIN.LOCAL-S-1-5-32-544","PrincipalType":"Group","RightName":"WriteDacl","AceType":"","IsInherited":true},{"PrincipalSID":"WINDOMAIN.LOCAL-S-1-5-32-544","PrincipalType":"Group","RightName":"WriteOwner","AceType":"","IsInherited":true},{"PrincipalSID":"WINDOMAIN.LOCAL-S-1-5-32-544","PrincipalType":"Group","RightName":"GenericWrite","AceType":"","IsInherited":true}]},{"Properties":{"haslaps":false,"highvalue":false,"name":"WEF.WINDOMAIN.LOCAL","domain":"WINDOMAIN.LOCAL","objectid":"S-1-5-21-3263319754-340321035-553610633-1104","distinguishedname":"CN=WEF,OU=Servers,DC=windomain,DC=local","description":null,"enabled":true,"unconstraineddelegation":false,"serviceprincipalnames":["WSMAN/wef","WSMAN/wef.windomain.local","TERMSRV/WEF","TERMSRV/wef.windomain.local","RestrictedKrbHost/WEF","HOST/WEF","RestrictedKrbHost/wef.windomain.local","HOST/wef.windomain.local"],"lastlogontimestamp":1589774761,"pwdlastset":1587890931,"operatingsystem":"Windows Server 2016 Standard Evaluation"},"AllowedToDelegate":[],"AllowedToAct":[],"PrimaryGroupSid":"S-1-5-21-3263319754-340321035-553610633-515","Sessions":[],"LocalAdmins":[],"RemoteDesktopUsers":[],"DcomUsers":[],"PSRemoteUsers":[],"ObjectIdentifier":"S-1-5-21-3263319754-340321035-553610633-1104","Aces":[{"PrincipalSID":"S-1-5-21-3263319754-340321035-553610633-1000","PrincipalType":"Unknown","RightName":"Owner","AceType":"","IsInherited":false},{"PrincipalSID":"WINDOMAIN.LOCAL-S-1-5-32-548","PrincipalType":"Group","RightName":"GenericAll","AceType":"","IsInherited":false},{"PrincipalSID":"S-1-5-21-3263319754-340321035-553610633-512","PrincipalType":"Group","RightName":"GenericAll","AceType":"","IsInherited":false},{"PrincipalSID":"S-1-5-21-3263319754-340321035-553610633-519","PrincipalType":"Group","RightName":"GenericAll","AceType":"","IsInherited":true},{"PrincipalSID":"WINDOMAIN.LOCAL-S-1-5-32-544","PrincipalType":"Group","RightName":"WriteDacl","AceType":"","IsInherited":true},{"PrincipalSID":"WINDOMAIN.LOCAL-S-1-5-32-544","PrincipalType":"Group","RightName":"WriteOwner","AceType":"","IsInherited":true},{"PrincipalSID":"WINDOMAIN.LOCAL-S-1-5-32-544","PrincipalType":"Group","RightName":"GenericWrite","AceType":"","IsInherited":true}]},{"Properties":{"haslaps":false,"highvalue":false,"name":"WSUS.WINDOMAIN.LOCAL","domain":"WINDOMAIN.LOCAL","objectid":"S-1-5-21-3263319754-340321035-553610633-1603","distinguishedname":"CN=WSUS,OU=Servers,DC=windomain,DC=local","description":null,"enabled":true,"unconstraineddelegation":false,"serviceprincipalnames":["TERMSRV/WSUS","TERMSRV/wsus.windomain.local","WSMAN/wsus","WSMAN/wsus.windomain.local","RestrictedKrbHost/WSUS","HOST/WSUS","RestrictedKrbHost/wsus.windomain.local","HOST/wsus.windomain.local"],"lastlogontimestamp":1589461902,"pwdlastset":1588588868,"operatingsystem":"Windows Server 2016 Standard Evaluation"},"AllowedToDelegate":[],"AllowedToAct":[],"PrimaryGroupSid":"S-1-5-21-3263319754-340321035-553610633-515","Sessions":[],"LocalAdmins":[],"RemoteDesktopUsers":[],"DcomUsers":[],"PSRemoteUsers":[],"ObjectIdentifier":"S-1-5-21-3263319754-340321035-553610633-1603","Aces":[{"PrincipalSID":"S-1-5-21-3263319754-340321035-553610633-1000","PrincipalType":"Unknown","RightName":"Owner","AceType":"","IsInherited":false},{"PrincipalSID":"WINDOMAIN.LOCAL-S-1-5-32-548","PrincipalType":"Group","RightName":"GenericAll","AceType":"","IsInherited":false},{"PrincipalSID":"S-1-5-21-3263319754-340321035-553610633-512","PrincipalType":"Group","RightName":"GenericAll","AceType":"","IsInherited":false},{"PrincipalSID":"S-1-5-21-3263319754-340321035-553610633-519","PrincipalType":"Group","RightName":"GenericAll","AceType":"","IsInherited":true},{"PrincipalSID":"WINDOMAIN.LOCAL-S-1-5-32-544","PrincipalType":"Group","RightName":"WriteDacl","AceType":"","IsInherited":true},{"PrincipalSID":"WINDOMAIN.LOCAL-S-1-5-32-544","PrincipalType":"Group","RightName":"WriteOwner","AceType":"","IsInherited":true},{"PrincipalSID":"WINDOMAIN.LOCAL-S-1-5-32-544","PrincipalType":"Group","RightName":"GenericWrite","AceType":"","IsInherited":true}]},{"Properties":{"haslaps":false,"highvalue":false,"name":"WIN101.WINDOMAIN.LOCAL","domain":"WINDOMAIN.LOCAL","objectid":"S-1-5-21-3263319754-340321035-553610633-1105","distinguishedname":"CN=WIN101,CN=Computers,DC=windomain,DC=local","description":null,"enabled":true,"unconstraineddelegation":false,"serviceprincipalnames":["WSMAN/win101","WSMAN/win101.windomain.local","TERMSRV/WIN101","TERMSRV/win101.windomain.local","RestrictedKrbHost/WIN101","HOST/WIN101","RestrictedKrbHost/win101.windomain.local","HOST/win101.windomain.local"],"lastlogontimestamp":1589774772,"pwdlastset":1587892428,"operatingsystem":"Windows 10 Enterprise Evaluation"},"AllowedToDelegate":[],"AllowedToAct":[],"PrimaryGroupSid":"S-1-5-21-3263319754-340321035-553610633-515","Sessions":[],"LocalAdmins":[],"RemoteDesktopUsers":[],"DcomUsers":[],"PSRemoteUsers":[],"ObjectIdentifier":"S-1-5-21-3263319754-340321035-553610633-1105","Aces":[{"PrincipalSID":"S-1-5-21-3263319754-340321035-553610633-1000","PrincipalType":"Unknown","RightName":"Owner","AceType":"","IsInherited":false},{"PrincipalSID":"WINDOMAIN.LOCAL-S-1-5-32-548","PrincipalType":"Group","RightName":"GenericAll","AceType":"","IsInherited":false},{"PrincipalSID":"S-1-5-21-3263319754-340321035-553610633-512","PrincipalType":"Group","RightName":"GenericAll","AceType":"","IsInherited":false},{"PrincipalSID":"S-1-5-21-3263319754-340321035-553610633-519","PrincipalType":"Group","RightName":"GenericAll","AceType":"","IsInherited":true},{"PrincipalSID":"WINDOMAIN.LOCAL-S-1-5-32-544","PrincipalType":"Group","RightName":"WriteDacl","AceType":"","IsInherited":true},{"PrincipalSID":"WINDOMAIN.LOCAL-S-1-5-32-544","PrincipalType":"Group","RightName":"WriteOwner","AceType":"","IsInherited":true},{"PrincipalSID":"WINDOMAIN.LOCAL-S-1-5-32-544","PrincipalType":"Group","RightName":"GenericWrite","AceType":"","IsInherited":true}]},{"Properties":{"haslaps":false,"highvalue":false,"name":"WIN102.WINDOMAIN.LOCAL","domain":"WINDOMAIN.LOCAL","objectid":"S-1-5-21-3263319754-340321035-553610633-1106","distinguishedname":"CN=WIN102,CN=Computers,DC=windomain,DC=local","description":null,"enabled":true,"unconstraineddelegation":false,"serviceprincipalnames":["TERMSRV/WIN102","TERMSRV/win102.windomain.local","WSMAN/win102","WSMAN/win102.windomain.local","RestrictedKrbHost/WIN102","HOST/WIN102","RestrictedKrbHost/win102.windomain.local","HOST/win102.windomain.local"],"lastlogontimestamp":1589774718,"pwdlastset":1587894903,"operatingsystem":"Windows 10 Enterprise Evaluation"},"AllowedToDelegate":[],"AllowedToAct":[],"PrimaryGroupSid":"S-1-5-21-3263319754-340321035-553610633-515","Sessions":[],"LocalAdmins":[],"RemoteDesktopUsers":[],"DcomUsers":[],"PSRemoteUsers":[],"ObjectIdentifier":"S-1-5-21-3263319754-340321035-553610633-1106","Aces":[{"PrincipalSID":"S-1-5-21-3263319754-340321035-553610633-1000","PrincipalType":"Unknown","RightName":"Owner","AceType":"","IsInherited":false},{"PrincipalSID":"WINDOMAIN.LOCAL-S-1-5-32-548","PrincipalType":"Group","RightName":"GenericAll","AceType":"","IsInherited":false},{"PrincipalSID":"S-1-5-21-3263319754-340321035-553610633-512","PrincipalType":"Group","RightName":"GenericAll","AceType":"","IsInherited":false},{"PrincipalSID":"S-1-5-21-3263319754-340321035-553610633-519","PrincipalType":"Group","RightName":"GenericAll","AceType":"","IsInherited":true},{"PrincipalSID":"WINDOMAIN.LOCAL-S-1-5-32-544","PrincipalType":"Group","RightName":"WriteDacl","AceType":"","IsInherited":true},{"PrincipalSID":"WINDOMAIN.LOCAL-S-1-5-32-544","PrincipalType":"Group","RightName":"WriteOwner","AceType":"","IsInherited":true},{"PrincipalSID":"WINDOMAIN.LOCAL-S-1-5-32-544","PrincipalType":"Group","RightName":"GenericWrite","AceType":"","IsInherited":true}]}],"meta":{"count":7,"type":"computers","version":3}}